"LOCATION","INDICATOR","SUBJECT","MEASURE","FREQUENCY","TIME","Value","Flag Codes"
"OECD","CCI","AMPLITUD","LTRENDIDX","M","1974-01",98.89074,
"OECD","CCI","AMPLITUD","LTRENDIDX","M","1974-02",98.83855,
"OECD","CCI","AMPLITUD","LTRENDIDX","M","1974-03",98.97714,
"OECD","CCI","AMPLITUD","LTRENDIDX","M","1974-04",99.12488,
"OECD","CCI","AMPLITUD","LTRENDIDX","M","1974-05",99.10333,
"OECD","CCI","AMPLITUD","LTRENDIDX","M","1974-06",98.92802,
"OECD","CCI","AMPLITUD","LTRENDIDX","M","1974-07",98.68276,
"OECD","CCI","AMPLITUD","LTRENDIDX","M","1974-08",98.44312,
"OECD","CCI","AMPLITUD","LTRENDIDX","M","1974-09",98.228,
"OECD","CCI","AMPLITUD","LTRENDIDX","M","1974-10",98.05828,
"OECD","CCI","AMPLITUD","LTRENDIDX","M","1974-11",97.98137,
"OECD","CCI","AMPLITUD","LTRENDIDX","M","1974-12",98.00299,
"OECD","CCI","AMPLITUD","LTRENDIDX","M","1975-01",98.15637,
"OECD","CCI","AMPLITUD","LTRENDIDX","M","1975-02",98.42815,
"OECD","CCI","AMPLITUD","LTRENDIDX","M","1975-03",98.74252,
"OECD","CCI","AMPLITUD","LTRENDIDX","M","1975-04",99.02528,
"OECD","CCI","AMPLITUD","LTRENDIDX","M","1975-05",99.21239,
"OECD","CCI","AMPLITUD","LTRENDIDX","M","1975-06",99.32745,
"OECD","CCI","AMPLITUD","LTRENDIDX","M","1975-07",99.41708,
"OECD","CCI","AMPLITUD","LTRENDIDX","M","1975-08",99.47702,
"OECD","CCI","AMPLITUD","LTRENDIDX","M","1975-09",99.54745,
"OECD","CCI","AMPLITUD","LTRENDIDX","M","1975-10",99.70266,
"OECD","CCI","AMPLITUD","LTRENDIDX","M","1975-11",99.99156,
"OECD","CCI","AMPLITUD","LTRENDIDX","M","1975-12",100.3597,
"OECD","CCI","AMPLITUD","LTRENDIDX","M","1976-01",100.6906,
"OECD","CCI","AMPLITUD","LTRENDIDX","M","1976-02",100.8618,
"OECD","CCI","AMPLITUD","LTRENDIDX","M","1976-03",100.9261,
"OECD","CCI","AMPLITUD","LTRENDIDX","M","1976-04",100.9676,
"OECD","CCI","AMPLITUD","LTRENDIDX","M","1976-05",101.031,
"OECD","CCI","AMPLITUD","LTRENDIDX","M","1976-06",101.0724,
"OECD","CCI","AMPLITUD","LTRENDIDX","M","1976-07",101.0493,
"OECD","CCI","AMPLITUD","LTRENDIDX","M","1976-08",100.9483,
"OECD","CCI","AMPLITUD","LTRENDIDX","M","1976-09",100.8168,
"OECD","CCI","AMPLITUD","LTRENDIDX","M","1976-10",100.72,
"OECD","CCI","AMPLITUD","LTRENDIDX","M","1976-11",100.7214,
"OECD","CCI","AMPLITUD","LTRENDIDX","M","1976-12",100.7919,
"OECD","CCI","AMPLITUD","LTRENDIDX","M","1977-01",100.882,
"OECD","CCI","AMPLITUD","LTRENDIDX","M","1977-02",100.9246,
"OECD","CCI","AMPLITUD","LTRENDIDX","M","1977-03",100.8987,
"OECD","CCI","AMPLITUD","LTRENDIDX","M","1977-04",100.8326,
"OECD","CCI","AMPLITUD","LTRENDIDX","M","1977-05",100.7987,
"OECD","CCI","AMPLITUD","LTRENDIDX","M","1977-06",100.8607,
"OECD","CCI","AMPLITUD","LTRENDIDX","M","1977-07",100.981,
"OECD","CCI","AMPLITUD","LTRENDIDX","M","1977-08",101.0953,
"OECD","CCI","AMPLITUD","LTRENDIDX","M","1977-09",101.2009,
"OECD","CCI","AMPLITUD","LTRENDIDX","M","1977-10",101.3069,
"OECD","CCI","AMPLITUD","LTRENDIDX","M","1977-11",101.3949,
"OECD","CCI","AMPLITUD","LTRENDIDX","M","1977-12",101.4699,
"OECD","CCI","AMPLITUD","LTRENDIDX","M","1978-01",101.5111,
"OECD","CCI","AMPLITUD","LTRENDIDX","M","1978-02",101.4918,
"OECD","CCI","AMPLITUD","LTRENDIDX","M","1978-03",101.4261,
"OECD","CCI","AMPLITUD","LTRENDIDX","M","1978-04",101.4249,
"OECD","CCI","AMPLITUD","LTRENDIDX","M","1978-05",101.4534,
"OECD","CCI","AMPLITUD","LTRENDIDX","M","1978-06",101.4569,
"OECD","CCI","AMPLITUD","LTRENDIDX","M","1978-07",101.4676,
"OECD","CCI","AMPLITUD","LTRENDIDX","M","1978-08",101.4438,
"OECD","CCI","AMPLITUD","LTRENDIDX","M","1978-09",101.4227,
"OECD","CCI","AMPLITUD","LTRENDIDX","M","1978-10",101.2828,
"OECD","CCI","AMPLITUD","LTRENDIDX","M","1978-11",101.0005,
"OECD","CCI","AMPLITUD","LTRENDIDX","M","1978-12",100.7115,
"OECD","CCI","AMPLITUD","LTRENDIDX","M","1979-01",100.6146,
"OECD","CCI","AMPLITUD","LTRENDIDX","M","1979-02",100.5963,
"OECD","CCI","AMPLITUD","LTRENDIDX","M","1979-03",100.5287,
"OECD","CCI","AMPLITUD","LTRENDIDX","M","1979-04",100.443,
"OECD","CCI","AMPLITUD","LTRENDIDX","M","1979-05",100.3348,
"OECD","CCI","AMPLITUD","LTRENDIDX","M","1979-06",100.1314,
"OECD","CCI","AMPLITUD","LTRENDIDX","M","1979-07",99.91533,
"OECD","CCI","AMPLITUD","LTRENDIDX","M","1979-08",99.80125,
"OECD","CCI","AMPLITUD","LTRENDIDX","M","1979-09",99.6865,
"OECD","CCI","AMPLITUD","LTRENDIDX","M","1979-10",99.49876,
"OECD","CCI","AMPLITUD","LTRENDIDX","M","1979-11",99.32462,
"OECD","CCI","AMPLITUD","LTRENDIDX","M","1979-12",99.15653,
"OECD","CCI","AMPLITUD","LTRENDIDX","M","1980-01",99.00079,
"OECD","CCI","AMPLITUD","LTRENDIDX","M","1980-02",98.7569,
"OECD","CCI","AMPLITUD","LTRENDIDX","M","1980-03",98.41177,
"OECD","CCI","AMPLITUD","LTRENDIDX","M","1980-04",98.183,
"OECD","CCI","AMPLITUD","LTRENDIDX","M","1980-05",98.15842,
"OECD","CCI","AMPLITUD","LTRENDIDX","M","1980-06",98.32042,
"OECD","CCI","AMPLITUD","LTRENDIDX","M","1980-07",98.57501,
"OECD","CCI","AMPLITUD","LTRENDIDX","M","1980-08",98.88962,
"OECD","CCI","AMPLITUD","LTRENDIDX","M","1980-09",99.13768,
"OECD","CCI","AMPLITUD","LTRENDIDX","M","1980-10",99.20534,
"OECD","CCI","AMPLITUD","LTRENDIDX","M","1980-11",99.06113,
"OECD","CCI","AMPLITUD","LTRENDIDX","M","1980-12",98.79891,
"OECD","CCI","AMPLITUD","LTRENDIDX","M","1981-01",98.6582,
"OECD","CCI","AMPLITUD","LTRENDIDX","M","1981-02",98.51443,
"OECD","CCI","AMPLITUD","LTRENDIDX","M","1981-03",98.4625,
"OECD","CCI","AMPLITUD","LTRENDIDX","M","1981-04",98.5543,
"OECD","CCI","AMPLITUD","LTRENDIDX","M","1981-05",98.66702,
"OECD","CCI","AMPLITUD","LTRENDIDX","M","1981-06",98.65247,
"OECD","CCI","AMPLITUD","LTRENDIDX","M","1981-07",98.60529,
"OECD","CCI","AMPLITUD","LTRENDIDX","M","1981-08",98.54212,
"OECD","CCI","AMPLITUD","LTRENDIDX","M","1981-09",98.42605,
"OECD","CCI","AMPLITUD","LTRENDIDX","M","1981-10",98.26505,
"OECD","CCI","AMPLITUD","LTRENDIDX","M","1981-11",98.15462,
"OECD","CCI","AMPLITUD","LTRENDIDX","M","1981-12",98.2262,
"OECD","CCI","AMPLITUD","LTRENDIDX","M","1982-01",98.40954,
"OECD","CCI","AMPLITUD","LTRENDIDX","M","1982-02",98.47408,
"OECD","CCI","AMPLITUD","LTRENDIDX","M","1982-03",98.52234,
"OECD","CCI","AMPLITUD","LTRENDIDX","M","1982-04",98.63463,
"OECD","CCI","AMPLITUD","LTRENDIDX","M","1982-05",98.68715,
"OECD","CCI","AMPLITUD","LTRENDIDX","M","1982-06",98.62051,
"OECD","CCI","AMPLITUD","LTRENDIDX","M","1982-07",98.48661,
"OECD","CCI","AMPLITUD","LTRENDIDX","M","1982-08",98.41945,
"OECD","CCI","AMPLITUD","LTRENDIDX","M","1982-09",98.44483,
"OECD","CCI","AMPLITUD","LTRENDIDX","M","1982-10",98.5236,
"OECD","CCI","AMPLITUD","LTRENDIDX","M","1982-11",98.58797,
"OECD","CCI","AMPLITUD","LTRENDIDX","M","1982-12",98.67669,
"OECD","CCI","AMPLITUD","LTRENDIDX","M","1983-01",98.88713,
"OECD","CCI","AMPLITUD","LTRENDIDX","M","1983-02",99.26546,
"OECD","CCI","AMPLITUD","LTRENDIDX","M","1983-03",99.74667,
"OECD","CCI","AMPLITUD","LTRENDIDX","M","1983-04",100.1402,
"OECD","CCI","AMPLITUD","LTRENDIDX","M","1983-05",100.347,
"OECD","CCI","AMPLITUD","LTRENDIDX","M","1983-06",100.4044,
"OECD","CCI","AMPLITUD","LTRENDIDX","M","1983-07",100.403,
"OECD","CCI","AMPLITUD","LTRENDIDX","M","1983-08",100.3706,
"OECD","CCI","AMPLITUD","LTRENDIDX","M","1983-09",100.34,
"OECD","CCI","AMPLITUD","LTRENDIDX","M","1983-10",100.3814,
"OECD","CCI","AMPLITUD","LTRENDIDX","M","1983-11",100.548,
"OECD","CCI","AMPLITUD","LTRENDIDX","M","1983-12",100.7809,
"OECD","CCI","AMPLITUD","LTRENDIDX","M","1984-01",100.9676,
"OECD","CCI","AMPLITUD","LTRENDIDX","M","1984-02",100.9951,
"OECD","CCI","AMPLITUD","LTRENDIDX","M","1984-03",100.9335,
"OECD","CCI","AMPLITUD","LTRENDIDX","M","1984-04",100.8005,
"OECD","CCI","AMPLITUD","LTRENDIDX","M","1984-05",100.6974,
"OECD","CCI","AMPLITUD","LTRENDIDX","M","1984-06",100.644,
"OECD","CCI","AMPLITUD","LTRENDIDX","M","1984-07",100.7013,
"OECD","CCI","AMPLITUD","LTRENDIDX","M","1984-08",100.8076,
"OECD","CCI","AMPLITUD","LTRENDIDX","M","1984-09",100.8779,
"OECD","CCI","AMPLITUD","LTRENDIDX","M","1984-10",100.8508,
"OECD","CCI","AMPLITUD","LTRENDIDX","M","1984-11",100.8317,
"OECD","CCI","AMPLITUD","LTRENDIDX","M","1984-12",100.843,
"OECD","CCI","AMPLITUD","LTRENDIDX","M","1985-01",100.8877,
"OECD","CCI","AMPLITUD","LTRENDIDX","M","1985-02",100.857,
"OECD","CCI","AMPLITUD","LTRENDIDX","M","1985-03",100.8223,
"OECD","CCI","AMPLITUD","LTRENDIDX","M","1985-04",100.8124,
"OECD","CCI","AMPLITUD","LTRENDIDX","M","1985-05",100.8153,
"OECD","CCI","AMPLITUD","LTRENDIDX","M","1985-06",100.8566,
"OECD","CCI","AMPLITUD","LTRENDIDX","M","1985-07",100.8604,
"OECD","CCI","AMPLITUD","LTRENDIDX","M","1985-08",100.8446,
"OECD","CCI","AMPLITUD","LTRENDIDX","M","1985-09",100.8478,
"OECD","CCI","AMPLITUD","LTRENDIDX","M","1985-10",100.8923,
"OECD","CCI","AMPLITUD","LTRENDIDX","M","1985-11",100.9923,
"OECD","CCI","AMPLITUD","LTRENDIDX","M","1985-12",101.1234,
"OECD","CCI","AMPLITUD","LTRENDIDX","M","1986-01",101.2379,
"OECD","CCI","AMPLITUD","LTRENDIDX","M","1986-02",101.2938,
"OECD","CCI","AMPLITUD","LTRENDIDX","M","1986-03",101.3145,
"OECD","CCI","AMPLITUD","LTRENDIDX","M","1986-04",101.3281,
"OECD","CCI","AMPLITUD","LTRENDIDX","M","1986-05",101.3473,
"OECD","CCI","AMPLITUD","LTRENDIDX","M","1986-06",101.3863,
"OECD","CCI","AMPLITUD","LTRENDIDX","M","1986-07",101.3595,
"OECD","CCI","AMPLITUD","LTRENDIDX","M","1986-08",101.2838,
"OECD","CCI","AMPLITUD","LTRENDIDX","M","1986-09",101.2028,
"OECD","CCI","AMPLITUD","LTRENDIDX","M","1986-10",101.1589,
"OECD","CCI","AMPLITUD","LTRENDIDX","M","1986-11",101.0766,
"OECD","CCI","AMPLITUD","LTRENDIDX","M","1986-12",100.9963,
"OECD","CCI","AMPLITUD","LTRENDIDX","M","1987-01",100.9773,
"OECD","CCI","AMPLITUD","LTRENDIDX","M","1987-02",101.02,
"OECD","CCI","AMPLITUD","LTRENDIDX","M","1987-03",101.0954,
"OECD","CCI","AMPLITUD","LTRENDIDX","M","1987-04",101.1806,
"OECD","CCI","AMPLITUD","LTRENDIDX","M","1987-05",101.2394,
"OECD","CCI","AMPLITUD","LTRENDIDX","M","1987-06",101.3118,
"OECD","CCI","AMPLITUD","LTRENDIDX","M","1987-07",101.385,
"OECD","CCI","AMPLITUD","LTRENDIDX","M","1987-08",101.4038,
"OECD","CCI","AMPLITUD","LTRENDIDX","M","1987-09",101.3371,
"OECD","CCI","AMPLITUD","LTRENDIDX","M","1987-10",101.1788,
"OECD","CCI","AMPLITUD","LTRENDIDX","M","1987-11",101.0469,
"OECD","CCI","AMPLITUD","LTRENDIDX","M","1987-12",101.089,
"OECD","CCI","AMPLITUD","LTRENDIDX","M","1988-01",101.2222,
"OECD","CCI","AMPLITUD","LTRENDIDX","M","1988-02",101.354,
"OECD","CCI","AMPLITUD","LTRENDIDX","M","1988-03",101.4546,
"OECD","CCI","AMPLITUD","LTRENDIDX","M","1988-04",101.5023,
"OECD","CCI","AMPLITUD","LTRENDIDX","M","1988-05",101.5632,
"OECD","CCI","AMPLITUD","LTRENDIDX","M","1988-06",101.6129,
"OECD","CCI","AMPLITUD","LTRENDIDX","M","1988-07",101.6679,
"OECD","CCI","AMPLITUD","LTRENDIDX","M","1988-08",101.7489,
"OECD","CCI","AMPLITUD","LTRENDIDX","M","1988-09",101.7746,
"OECD","CCI","AMPLITUD","LTRENDIDX","M","1988-10",101.7373,
"OECD","CCI","AMPLITUD","LTRENDIDX","M","1988-11",101.6972,
"OECD","CCI","AMPLITUD","LTRENDIDX","M","1988-12",101.6604,
"OECD","CCI","AMPLITUD","LTRENDIDX","M","1989-01",101.6396,
"OECD","CCI","AMPLITUD","LTRENDIDX","M","1989-02",101.5323,
"OECD","CCI","AMPLITUD","LTRENDIDX","M","1989-03",101.3623,
"OECD","CCI","AMPLITUD","LTRENDIDX","M","1989-04",101.202,
"OECD","CCI","AMPLITUD","LTRENDIDX","M","1989-05",101.1246,
"OECD","CCI","AMPLITUD","LTRENDIDX","M","1989-06",101.1309,
"OECD","CCI","AMPLITUD","LTRENDIDX","M","1989-07",101.1994,
"OECD","CCI","AMPLITUD","LTRENDIDX","M","1989-08",101.279,
"OECD","CCI","AMPLITUD","LTRENDIDX","M","1989-09",101.366,
"OECD","CCI","AMPLITUD","LTRENDIDX","M","1989-10",101.3402,
"OECD","CCI","AMPLITUD","LTRENDIDX","M","1989-11",101.2862,
"OECD","CCI","AMPLITUD","LTRENDIDX","M","1989-12",101.2687,
"OECD","CCI","AMPLITUD","LTRENDIDX","M","1990-01",101.2614,
"OECD","CCI","AMPLITUD","LTRENDIDX","M","1990-02",101.2075,
"OECD","CCI","AMPLITUD","LTRENDIDX","M","1990-03",101.1594,
"OECD","CCI","AMPLITUD","LTRENDIDX","M","1990-04",101.1364,
"OECD","CCI","AMPLITUD","LTRENDIDX","M","1990-05",101.0598,
"OECD","CCI","AMPLITUD","LTRENDIDX","M","1990-06",100.9263,
"OECD","CCI","AMPLITUD","LTRENDIDX","M","1990-07",100.6776,
"OECD","CCI","AMPLITUD","LTRENDIDX","M","1990-08",100.2311,
"OECD","CCI","AMPLITUD","LTRENDIDX","M","1990-09",99.7415,
"OECD","CCI","AMPLITUD","LTRENDIDX","M","1990-10",99.40887,
"OECD","CCI","AMPLITUD","LTRENDIDX","M","1990-11",99.32039,
"OECD","CCI","AMPLITUD","LTRENDIDX","M","1990-12",99.3676,
"OECD","CCI","AMPLITUD","LTRENDIDX","M","1991-01",99.48298,
"OECD","CCI","AMPLITUD","LTRENDIDX","M","1991-02",99.77484,
"OECD","CCI","AMPLITUD","LTRENDIDX","M","1991-03",100.1806,
"OECD","CCI","AMPLITUD","LTRENDIDX","M","1991-04",100.325,
"OECD","CCI","AMPLITUD","LTRENDIDX","M","1991-05",100.3212,
"OECD","CCI","AMPLITUD","LTRENDIDX","M","1991-06",100.2765,
"OECD","CCI","AMPLITUD","LTRENDIDX","M","1991-07",100.2058,
"OECD","CCI","AMPLITUD","LTRENDIDX","M","1991-08",100.1463,
"OECD","CCI","AMPLITUD","LTRENDIDX","M","1991-09",100.074,
"OECD","CCI","AMPLITUD","LTRENDIDX","M","1991-10",99.85699,
"OECD","CCI","AMPLITUD","LTRENDIDX","M","1991-11",99.5554,
"OECD","CCI","AMPLITUD","LTRENDIDX","M","1991-12",99.34688,
"OECD","CCI","AMPLITUD","LTRENDIDX","M","1992-01",99.30447,
"OECD","CCI","AMPLITUD","LTRENDIDX","M","1992-02",99.42582,
"OECD","CCI","AMPLITUD","LTRENDIDX","M","1992-03",99.61107,
"OECD","CCI","AMPLITUD","LTRENDIDX","M","1992-04",99.7259,
"OECD","CCI","AMPLITUD","LTRENDIDX","M","1992-05",99.74598,
"OECD","CCI","AMPLITUD","LTRENDIDX","M","1992-06",99.64771,
"OECD","CCI","AMPLITUD","LTRENDIDX","M","1992-07",99.44537,
"OECD","CCI","AMPLITUD","LTRENDIDX","M","1992-08",99.21805,
"OECD","CCI","AMPLITUD","LTRENDIDX","M","1992-09",99.0311,
"OECD","CCI","AMPLITUD","LTRENDIDX","M","1992-10",98.96707,
"OECD","CCI","AMPLITUD","LTRENDIDX","M","1992-11",99.09799,
"OECD","CCI","AMPLITUD","LTRENDIDX","M","1992-12",99.25822,
"OECD","CCI","AMPLITUD","LTRENDIDX","M","1993-01",99.33906,
"OECD","CCI","AMPLITUD","LTRENDIDX","M","1993-02",99.325,
"OECD","CCI","AMPLITUD","LTRENDIDX","M","1993-03",99.28663,
"OECD","CCI","AMPLITUD","LTRENDIDX","M","1993-04",99.23554,
"OECD","CCI","AMPLITUD","LTRENDIDX","M","1993-05",99.10412,
"OECD","CCI","AMPLITUD","LTRENDIDX","M","1993-06",98.9362,
"OECD","CCI","AMPLITUD","LTRENDIDX","M","1993-07",98.80614,
"OECD","CCI","AMPLITUD","LTRENDIDX","M","1993-08",98.76987,
"OECD","CCI","AMPLITUD","LTRENDIDX","M","1993-09",98.81584,
"OECD","CCI","AMPLITUD","LTRENDIDX","M","1993-10",98.92862,
"OECD","CCI","AMPLITUD","LTRENDIDX","M","1993-11",99.11887,
"OECD","CCI","AMPLITUD","LTRENDIDX","M","1993-12",99.45413,
"OECD","CCI","AMPLITUD","LTRENDIDX","M","1994-01",99.80732,
"OECD","CCI","AMPLITUD","LTRENDIDX","M","1994-02",100.0227,
"OECD","CCI","AMPLITUD","LTRENDIDX","M","1994-03",100.1384,
"OECD","CCI","AMPLITUD","LTRENDIDX","M","1994-04",100.2647,
"OECD","CCI","AMPLITUD","LTRENDIDX","M","1994-05",100.4198,
"OECD","CCI","AMPLITUD","LTRENDIDX","M","1994-06",100.5759,
"OECD","CCI","AMPLITUD","LTRENDIDX","M","1994-07",100.7138,
"OECD","CCI","AMPLITUD","LTRENDIDX","M","1994-08",100.8674,
"OECD","CCI","AMPLITUD","LTRENDIDX","M","1994-09",100.9878,
"OECD","CCI","AMPLITUD","LTRENDIDX","M","1994-10",101.054,
"OECD","CCI","AMPLITUD","LTRENDIDX","M","1994-11",101.0659,
"OECD","CCI","AMPLITUD","LTRENDIDX","M","1994-12",101.0546,
"OECD","CCI","AMPLITUD","LTRENDIDX","M","1995-01",101.0093,
"OECD","CCI","AMPLITUD","LTRENDIDX","M","1995-02",100.8521,
"OECD","CCI","AMPLITUD","LTRENDIDX","M","1995-03",100.6599,
"OECD","CCI","AMPLITUD","LTRENDIDX","M","1995-04",100.5578,
"OECD","CCI","AMPLITUD","LTRENDIDX","M","1995-05",100.543,
"OECD","CCI","AMPLITUD","LTRENDIDX","M","1995-06",100.6403,
"OECD","CCI","AMPLITUD","LTRENDIDX","M","1995-07",100.7275,
"OECD","CCI","AMPLITUD","LTRENDIDX","M","1995-08",100.7221,
"OECD","CCI","AMPLITUD","LTRENDIDX","M","1995-09",100.5979,
"OECD","CCI","AMPLITUD","LTRENDIDX","M","1995-10",100.4987,
"OECD","CCI","AMPLITUD","LTRENDIDX","M","1995-11",100.4396,
"OECD","CCI","AMPLITUD","LTRENDIDX","M","1995-12",100.4332,
"OECD","CCI","AMPLITUD","LTRENDIDX","M","1996-01",100.4406,
"OECD","CCI","AMPLITUD","LTRENDIDX","M","1996-02",100.4582,
"OECD","CCI","AMPLITUD","LTRENDIDX","M","1996-03",100.4972,
"OECD","CCI","AMPLITUD","LTRENDIDX","M","1996-04",100.459,
"OECD","CCI","AMPLITUD","LTRENDIDX","M","1996-05",100.3966,
"OECD","CCI","AMPLITUD","LTRENDIDX","M","1996-06",100.406,
"OECD","CCI","AMPLITUD","LTRENDIDX","M","1996-07",100.4555,
"OECD","CCI","AMPLITUD","LTRENDIDX","M","1996-08",100.5151,
"OECD","CCI","AMPLITUD","LTRENDIDX","M","1996-09",100.5607,
"OECD","CCI","AMPLITUD","LTRENDIDX","M","1996-10",100.6086,
"OECD","CCI","AMPLITUD","LTRENDIDX","M","1996-11",100.6329,
"OECD","CCI","AMPLITUD","LTRENDIDX","M","1996-12",100.6263,
"OECD","CCI","AMPLITUD","LTRENDIDX","M","1997-01",100.6671,
"OECD","CCI","AMPLITUD","LTRENDIDX","M","1997-02",100.7602,
"OECD","CCI","AMPLITUD","LTRENDIDX","M","1997-03",100.8683,
"OECD","CCI","AMPLITUD","LTRENDIDX","M","1997-04",100.988,
"OECD","CCI","AMPLITUD","LTRENDIDX","M","1997-05",101.1305,
"OECD","CCI","AMPLITUD","LTRENDIDX","M","1997-06",101.2808,
"OECD","CCI","AMPLITUD","LTRENDIDX","M","1997-07",101.3941,
"OECD","CCI","AMPLITUD","LTRENDIDX","M","1997-08",101.429,
"OECD","CCI","AMPLITUD","LTRENDIDX","M","1997-09",101.44,
"OECD","CCI","AMPLITUD","LTRENDIDX","M","1997-10",101.4281,
"OECD","CCI","AMPLITUD","LTRENDIDX","M","1997-11",101.4181,
"OECD","CCI","AMPLITUD","LTRENDIDX","M","1997-12",101.4081,
"OECD","CCI","AMPLITUD","LTRENDIDX","M","1998-01",101.484,
"OECD","CCI","AMPLITUD","LTRENDIDX","M","1998-02",101.5811,
"OECD","CCI","AMPLITUD","LTRENDIDX","M","1998-03",101.609,
"OECD","CCI","AMPLITUD","LTRENDIDX","M","1998-04",101.5898,
"OECD","CCI","AMPLITUD","LTRENDIDX","M","1998-05",101.5151,
"OECD","CCI","AMPLITUD","LTRENDIDX","M","1998-06",101.4214,
"OECD","CCI","AMPLITUD","LTRENDIDX","M","1998-07",101.3494,
"OECD","CCI","AMPLITUD","LTRENDIDX","M","1998-08",101.2687,
"OECD","CCI","AMPLITUD","LTRENDIDX","M","1998-09",101.2137,
"OECD","CCI","AMPLITUD","LTRENDIDX","M","1998-10",101.2435,
"OECD","CCI","AMPLITUD","LTRENDIDX","M","1998-11",101.3875,
"OECD","CCI","AMPLITUD","LTRENDIDX","M","1998-12",101.5368,
"OECD","CCI","AMPLITUD","LTRENDIDX","M","1999-01",101.7194,
"OECD","CCI","AMPLITUD","LTRENDIDX","M","1999-02",101.8431,
"OECD","CCI","AMPLITUD","LTRENDIDX","M","1999-03",101.8371,
"OECD","CCI","AMPLITUD","LTRENDIDX","M","1999-04",101.7926,
"OECD","CCI","AMPLITUD","LTRENDIDX","M","1999-05",101.7803,
"OECD","CCI","AMPLITUD","LTRENDIDX","M","1999-06",101.7935,
"OECD","CCI","AMPLITUD","LTRENDIDX","M","1999-07",101.8013,
"OECD","CCI","AMPLITUD","LTRENDIDX","M","1999-08",101.8222,
"OECD","CCI","AMPLITUD","LTRENDIDX","M","1999-09",101.8821,
"OECD","CCI","AMPLITUD","LTRENDIDX","M","1999-10",101.9661,
"OECD","CCI","AMPLITUD","LTRENDIDX","M","1999-11",102.0906,
"OECD","CCI","AMPLITUD","LTRENDIDX","M","1999-12",102.2238,
"OECD","CCI","AMPLITUD","LTRENDIDX","M","2000-01",102.3622,
"OECD","CCI","AMPLITUD","LTRENDIDX","M","2000-02",102.3992,
"OECD","CCI","AMPLITUD","LTRENDIDX","M","2000-03",102.3695,
"OECD","CCI","AMPLITUD","LTRENDIDX","M","2000-04",102.3609,
"OECD","CCI","AMPLITUD","LTRENDIDX","M","2000-05",102.3441,
"OECD","CCI","AMPLITUD","LTRENDIDX","M","2000-06",102.2894,
"OECD","CCI","AMPLITUD","LTRENDIDX","M","2000-07",102.26,
"OECD","CCI","AMPLITUD","LTRENDIDX","M","2000-08",102.1829,
"OECD","CCI","AMPLITUD","LTRENDIDX","M","2000-09",102.0395,
"OECD","CCI","AMPLITUD","LTRENDIDX","M","2000-10",101.9305,
"OECD","CCI","AMPLITUD","LTRENDIDX","M","2000-11",101.7918,
"OECD","CCI","AMPLITUD","LTRENDIDX","M","2000-12",101.5686,
"OECD","CCI","AMPLITUD","LTRENDIDX","M","2001-01",101.3497,
"OECD","CCI","AMPLITUD","LTRENDIDX","M","2001-02",101.1845,
"OECD","CCI","AMPLITUD","LTRENDIDX","M","2001-03",101.0977,
"OECD","CCI","AMPLITUD","LTRENDIDX","M","2001-04",101.0384,
"OECD","CCI","AMPLITUD","LTRENDIDX","M","2001-05",100.9896,
"OECD","CCI","AMPLITUD","LTRENDIDX","M","2001-06",100.9331,
"OECD","CCI","AMPLITUD","LTRENDIDX","M","2001-07",100.8112,
"OECD","CCI","AMPLITUD","LTRENDIDX","M","2001-08",100.5869,
"OECD","CCI","AMPLITUD","LTRENDIDX","M","2001-09",100.3033,
"OECD","CCI","AMPLITUD","LTRENDIDX","M","2001-10",100.1571,
"OECD","CCI","AMPLITUD","LTRENDIDX","M","2001-11",100.2121,
"OECD","CCI","AMPLITUD","LTRENDIDX","M","2001-12",100.4075,
"OECD","CCI","AMPLITUD","LTRENDIDX","M","2002-01",100.5933,
"OECD","CCI","AMPLITUD","LTRENDIDX","M","2002-02",100.7509,
"OECD","CCI","AMPLITUD","LTRENDIDX","M","2002-03",100.8952,
"OECD","CCI","AMPLITUD","LTRENDIDX","M","2002-04",100.9525,
"OECD","CCI","AMPLITUD","LTRENDIDX","M","2002-05",100.9502,
"OECD","CCI","AMPLITUD","LTRENDIDX","M","2002-06",100.8281,
"OECD","CCI","AMPLITUD","LTRENDIDX","M","2002-07",100.6556,
"OECD","CCI","AMPLITUD","LTRENDIDX","M","2002-08",100.499,
"OECD","CCI","AMPLITUD","LTRENDIDX","M","2002-09",100.3488,
"OECD","CCI","AMPLITUD","LTRENDIDX","M","2002-10",100.1658,
"OECD","CCI","AMPLITUD","LTRENDIDX","M","2002-11",100.0332,
"OECD","CCI","AMPLITUD","LTRENDIDX","M","2002-12",99.86827,
"OECD","CCI","AMPLITUD","LTRENDIDX","M","2003-01",99.6385,
"OECD","CCI","AMPLITUD","LTRENDIDX","M","2003-02",99.45292,
"OECD","CCI","AMPLITUD","LTRENDIDX","M","2003-03",99.44685,
"OECD","CCI","AMPLITUD","LTRENDIDX","M","2003-04",99.70987,
"OECD","CCI","AMPLITUD","LTRENDIDX","M","2003-05",99.99541,
"OECD","CCI","AMPLITUD","LTRENDIDX","M","2003-06",100.167,
"OECD","CCI","AMPLITUD","LTRENDIDX","M","2003-07",100.2375,
"OECD","CCI","AMPLITUD","LTRENDIDX","M","2003-08",100.2405,
"OECD","CCI","AMPLITUD","LTRENDIDX","M","2003-09",100.2613,
"OECD","CCI","AMPLITUD","LTRENDIDX","M","2003-10",100.341,
"OECD","CCI","AMPLITUD","LTRENDIDX","M","2003-11",100.4883,
"OECD","CCI","AMPLITUD","LTRENDIDX","M","2003-12",100.6438,
"OECD","CCI","AMPLITUD","LTRENDIDX","M","2004-01",100.7995,
"OECD","CCI","AMPLITUD","LTRENDIDX","M","2004-02",100.791,
"OECD","CCI","AMPLITUD","LTRENDIDX","M","2004-03",100.7492,
"OECD","CCI","AMPLITUD","LTRENDIDX","M","2004-04",100.7039,
"OECD","CCI","AMPLITUD","LTRENDIDX","M","2004-05",100.6683,
"OECD","CCI","AMPLITUD","LTRENDIDX","M","2004-06",100.7097,
"OECD","CCI","AMPLITUD","LTRENDIDX","M","2004-07",100.7755,
"OECD","CCI","AMPLITUD","LTRENDIDX","M","2004-08",100.7901,
"OECD","CCI","AMPLITUD","LTRENDIDX","M","2004-09",100.7716,
"OECD","CCI","AMPLITUD","LTRENDIDX","M","2004-10",100.7792,
"OECD","CCI","AMPLITUD","LTRENDIDX","M","2004-11",100.8429,
"OECD","CCI","AMPLITUD","LTRENDIDX","M","2004-12",100.9443,
"OECD","CCI","AMPLITUD","LTRENDIDX","M","2005-01",101.0167,
"OECD","CCI","AMPLITUD","LTRENDIDX","M","2005-02",100.9915,
"OECD","CCI","AMPLITUD","LTRENDIDX","M","2005-03",100.8536,
"OECD","CCI","AMPLITUD","LTRENDIDX","M","2005-04",100.7005,
"OECD","CCI","AMPLITUD","LTRENDIDX","M","2005-05",100.6352,
"OECD","CCI","AMPLITUD","LTRENDIDX","M","2005-06",100.6698,
"OECD","CCI","AMPLITUD","LTRENDIDX","M","2005-07",100.6197,
"OECD","CCI","AMPLITUD","LTRENDIDX","M","2005-08",100.3899,
"OECD","CCI","AMPLITUD","LTRENDIDX","M","2005-09",100.108,
"OECD","CCI","AMPLITUD","LTRENDIDX","M","2005-10",100.0745,
"OECD","CCI","AMPLITUD","LTRENDIDX","M","2005-11",100.3174,
"OECD","CCI","AMPLITUD","LTRENDIDX","M","2005-12",100.6581,
"OECD","CCI","AMPLITUD","LTRENDIDX","M","2006-01",100.8902,
"OECD","CCI","AMPLITUD","LTRENDIDX","M","2006-02",100.9408,
"OECD","CCI","AMPLITUD","LTRENDIDX","M","2006-03",100.9066,
"OECD","CCI","AMPLITUD","LTRENDIDX","M","2006-04",100.8002,
"OECD","CCI","AMPLITUD","LTRENDIDX","M","2006-05",100.6197,
"OECD","CCI","AMPLITUD","LTRENDIDX","M","2006-06",100.5211,
"OECD","CCI","AMPLITUD","LTRENDIDX","M","2006-07",100.4914,
"OECD","CCI","AMPLITUD","LTRENDIDX","M","2006-08",100.521,
"OECD","CCI","AMPLITUD","LTRENDIDX","M","2006-09",100.6724,
"OECD","CCI","AMPLITUD","LTRENDIDX","M","2006-10",100.8949,
"OECD","CCI","AMPLITUD","LTRENDIDX","M","2006-11",101.0194,
"OECD","CCI","AMPLITUD","LTRENDIDX","M","2006-12",101.0685,
"OECD","CCI","AMPLITUD","LTRENDIDX","M","2007-01",101.0687,
"OECD","CCI","AMPLITUD","LTRENDIDX","M","2007-02",101.0003,
"OECD","CCI","AMPLITUD","LTRENDIDX","M","2007-03",100.9249,
"OECD","CCI","AMPLITUD","LTRENDIDX","M","2007-04",100.9109,
"OECD","CCI","AMPLITUD","LTRENDIDX","M","2007-05",100.9399,
"OECD","CCI","AMPLITUD","LTRENDIDX","M","2007-06",100.9244,
"OECD","CCI","AMPLITUD","LTRENDIDX","M","2007-07",100.8856,
"OECD","CCI","AMPLITUD","LTRENDIDX","M","2007-08",100.7312,
"OECD","CCI","AMPLITUD","LTRENDIDX","M","2007-09",100.526,
"OECD","CCI","AMPLITUD","LTRENDIDX","M","2007-10",100.2704,
"OECD","CCI","AMPLITUD","LTRENDIDX","M","2007-11",99.97227,
"OECD","CCI","AMPLITUD","LTRENDIDX","M","2007-12",99.72444,
"OECD","CCI","AMPLITUD","LTRENDIDX","M","2008-01",99.46661,
"OECD","CCI","AMPLITUD","LTRENDIDX","M","2008-02",99.11309,
"OECD","CCI","AMPLITUD","LTRENDIDX","M","2008-03",98.69788,
"OECD","CCI","AMPLITUD","LTRENDIDX","M","2008-04",98.19432,
"OECD","CCI","AMPLITUD","LTRENDIDX","M","2008-05",97.70956,
"OECD","CCI","AMPLITUD","LTRENDIDX","M","2008-06",97.34196,
"OECD","CCI","AMPLITUD","LTRENDIDX","M","2008-07",97.23011,
"OECD","CCI","AMPLITUD","LTRENDIDX","M","2008-08",97.31188,
"OECD","CCI","AMPLITUD","LTRENDIDX","M","2008-09",97.31117,
"OECD","CCI","AMPLITUD","LTRENDIDX","M","2008-10",97.01122,
"OECD","CCI","AMPLITUD","LTRENDIDX","M","2008-11",96.73664,
"OECD","CCI","AMPLITUD","LTRENDIDX","M","2008-12",96.57185,
"OECD","CCI","AMPLITUD","LTRENDIDX","M","2009-01",96.48768,
"OECD","CCI","AMPLITUD","LTRENDIDX","M","2009-02",96.48175,
"OECD","CCI","AMPLITUD","LTRENDIDX","M","2009-03",96.71049,
"OECD","CCI","AMPLITUD","LTRENDIDX","M","2009-04",97.18779,
"OECD","CCI","AMPLITUD","LTRENDIDX","M","2009-05",97.68091,
"OECD","CCI","AMPLITUD","LTRENDIDX","M","2009-06",98.06911,
"OECD","CCI","AMPLITUD","LTRENDIDX","M","2009-07",98.32172,
"OECD","CCI","AMPLITUD","LTRENDIDX","M","2009-08",98.55218,
"OECD","CCI","AMPLITUD","LTRENDIDX","M","2009-09",98.80308,
"OECD","CCI","AMPLITUD","LTRENDIDX","M","2009-10",98.93856,
"OECD","CCI","AMPLITUD","LTRENDIDX","M","2009-11",99.00746,
"OECD","CCI","AMPLITUD","LTRENDIDX","M","2009-12",99.11233,
"OECD","CCI","AMPLITUD","LTRENDIDX","M","2010-01",99.22823,
"OECD","CCI","AMPLITUD","LTRENDIDX","M","2010-02",99.27442,
"OECD","CCI","AMPLITUD","LTRENDIDX","M","2010-03",99.27836,
"OECD","CCI","AMPLITUD","LTRENDIDX","M","2010-04",99.24829,
"OECD","CCI","AMPLITUD","LTRENDIDX","M","2010-05",99.19506,
"OECD","CCI","AMPLITUD","LTRENDIDX","M","2010-06",99.1443,
"OECD","CCI","AMPLITUD","LTRENDIDX","M","2010-07",99.06806,
"OECD","CCI","AMPLITUD","LTRENDIDX","M","2010-08",99.05122,
"OECD","CCI","AMPLITUD","LTRENDIDX","M","2010-09",99.0542,
"OECD","CCI","AMPLITUD","LTRENDIDX","M","2010-10",99.10344,
"OECD","CCI","AMPLITUD","LTRENDIDX","M","2010-11",99.20814,
"OECD","CCI","AMPLITUD","LTRENDIDX","M","2010-12",99.26978,
"OECD","CCI","AMPLITUD","LTRENDIDX","M","2011-01",99.25554,
"OECD","CCI","AMPLITUD","LTRENDIDX","M","2011-02",99.15549,
"OECD","CCI","AMPLITUD","LTRENDIDX","M","2011-03",98.90827,
"OECD","CCI","AMPLITUD","LTRENDIDX","M","2011-04",98.74839,
"OECD","CCI","AMPLITUD","LTRENDIDX","M","2011-05",98.72783,
"OECD","CCI","AMPLITUD","LTRENDIDX","M","2011-06",98.62647,
"OECD","CCI","AMPLITUD","LTRENDIDX","M","2011-07",98.34161,
"OECD","CCI","AMPLITUD","LTRENDIDX","M","2011-08",97.99671,
"OECD","CCI","AMPLITUD","LTRENDIDX","M","2011-09",97.84585,
"OECD","CCI","AMPLITUD","LTRENDIDX","M","2011-10",97.86165,
"OECD","CCI","AMPLITUD","LTRENDIDX","M","2011-11",98.01746,
"OECD","CCI","AMPLITUD","LTRENDIDX","M","2011-12",98.23873,
"OECD","CCI","AMPLITUD","LTRENDIDX","M","2012-01",98.48743,
"OECD","CCI","AMPLITUD","LTRENDIDX","M","2012-02",98.66638,
"OECD","CCI","AMPLITUD","LTRENDIDX","M","2012-03",98.7478,
"OECD","CCI","AMPLITUD","LTRENDIDX","M","2012-04",98.74361,
"OECD","CCI","AMPLITUD","LTRENDIDX","M","2012-05",98.70378,
"OECD","CCI","AMPLITUD","LTRENDIDX","M","2012-06",98.59238,
"OECD","CCI","AMPLITUD","LTRENDIDX","M","2012-07",98.51158,
"OECD","CCI","AMPLITUD","LTRENDIDX","M","2012-08",98.48725,
"OECD","CCI","AMPLITUD","LTRENDIDX","M","2012-09",98.51991,
"OECD","CCI","AMPLITUD","LTRENDIDX","M","2012-10",98.58395,
"OECD","CCI","AMPLITUD","LTRENDIDX","M","2012-11",98.59605,
"OECD","CCI","AMPLITUD","LTRENDIDX","M","2012-12",98.55334,
"OECD","CCI","AMPLITUD","LTRENDIDX","M","2013-01",98.63836,
"OECD","CCI","AMPLITUD","LTRENDIDX","M","2013-02",98.77293,
"OECD","CCI","AMPLITUD","LTRENDIDX","M","2013-03",98.89683,
"OECD","CCI","AMPLITUD","LTRENDIDX","M","2013-04",99.01455,
"OECD","CCI","AMPLITUD","LTRENDIDX","M","2013-05",99.18262,
"OECD","CCI","AMPLITUD","LTRENDIDX","M","2013-06",99.32403,
"OECD","CCI","AMPLITUD","LTRENDIDX","M","2013-07",99.42937,
"OECD","CCI","AMPLITUD","LTRENDIDX","M","2013-08",99.43913,
"OECD","CCI","AMPLITUD","LTRENDIDX","M","2013-09",99.38361,
"OECD","CCI","AMPLITUD","LTRENDIDX","M","2013-10",99.31891,
"OECD","CCI","AMPLITUD","LTRENDIDX","M","2013-11",99.36333,
"OECD","CCI","AMPLITUD","LTRENDIDX","M","2013-12",99.47521,
"OECD","CCI","AMPLITUD","LTRENDIDX","M","2014-01",99.54726,
"OECD","CCI","AMPLITUD","LTRENDIDX","M","2014-02",99.60332,
"OECD","CCI","AMPLITUD","LTRENDIDX","M","2014-03",99.70119,
"OECD","CCI","AMPLITUD","LTRENDIDX","M","2014-04",99.82313,
"OECD","CCI","AMPLITUD","LTRENDIDX","M","2014-05",99.8857,
"OECD","CCI","AMPLITUD","LTRENDIDX","M","2014-06",99.8965,
"OECD","CCI","AMPLITUD","LTRENDIDX","M","2014-07",99.8642,
"OECD","CCI","AMPLITUD","LTRENDIDX","M","2014-08",99.85064,
"OECD","CCI","AMPLITUD","LTRENDIDX","M","2014-09",99.8735,
"OECD","CCI","AMPLITUD","LTRENDIDX","M","2014-10",99.94295,
"OECD","CCI","AMPLITUD","LTRENDIDX","M","2014-11",100.0612,
"OECD","CCI","AMPLITUD","LTRENDIDX","M","2014-12",100.2584,
"OECD","CCI","AMPLITUD","LTRENDIDX","M","2015-01",100.4544,
"OECD","CCI","AMPLITUD","LTRENDIDX","M","2015-02",100.5659,
"OECD","CCI","AMPLITUD","LTRENDIDX","M","2015-03",100.606,
"OECD","CCI","AMPLITUD","LTRENDIDX","M","2015-04",100.6013,
"OECD","CCI","AMPLITUD","LTRENDIDX","M","2015-05",100.5383,
"OECD","CCI","AMPLITUD","LTRENDIDX","M","2015-06",100.4912,
"OECD","CCI","AMPLITUD","LTRENDIDX","M","2015-07",100.3821,
"OECD","CCI","AMPLITUD","LTRENDIDX","M","2015-08",100.2953,
"OECD","CCI","AMPLITUD","LTRENDIDX","M","2015-09",100.274,
"OECD","CCI","AMPLITUD","LTRENDIDX","M","2015-10",100.4006,
"OECD","CCI","AMPLITUD","LTRENDIDX","M","2015-11",100.5567,
"OECD","CCI","AMPLITUD","LTRENDIDX","M","2015-12",100.608,
"OECD","CCI","AMPLITUD","LTRENDIDX","M","2016-01",100.5197,
"OECD","CCI","AMPLITUD","LTRENDIDX","M","2016-02",100.3809,
"OECD","CCI","AMPLITUD","LTRENDIDX","M","2016-03",100.2941,
"OECD","CCI","AMPLITUD","LTRENDIDX","M","2016-04",100.2933,
"OECD","CCI","AMPLITUD","LTRENDIDX","M","2016-05",100.3566,
"OECD","CCI","AMPLITUD","LTRENDIDX","M","2016-06",100.3512,
"OECD","CCI","AMPLITUD","LTRENDIDX","M","2016-07",100.2767,
"OECD","CCI","AMPLITUD","LTRENDIDX","M","2016-08",100.2714,
"OECD","CCI","AMPLITUD","LTRENDIDX","M","2016-09",100.3175,
"OECD","CCI","AMPLITUD","LTRENDIDX","M","2016-10",100.3632,
"OECD","CCI","AMPLITUD","LTRENDIDX","M","2016-11",100.4429,
"OECD","CCI","AMPLITUD","LTRENDIDX","M","2016-12",100.5022,
"OECD","CCI","AMPLITUD","LTRENDIDX","M","2017-01",100.4895,
"OECD","CCI","AMPLITUD","LTRENDIDX","M","2017-02",100.5015,
"OECD","CCI","AMPLITUD","LTRENDIDX","M","2017-03",100.5904,
"OECD","CCI","AMPLITUD","LTRENDIDX","M","2017-04",100.6998,
"OECD","CCI","AMPLITUD","LTRENDIDX","M","2017-05",100.7863,
"OECD","CCI","AMPLITUD","LTRENDIDX","M","2017-06",100.8257,
"OECD","CCI","AMPLITUD","LTRENDIDX","M","2017-07",100.8733,
"OECD","CCI","AMPLITUD","LTRENDIDX","M","2017-08",100.9503,
"OECD","CCI","AMPLITUD","LTRENDIDX","M","2017-09",101.0326,
"OECD","CCI","AMPLITUD","LTRENDIDX","M","2017-10",101.1279,
"OECD","CCI","AMPLITUD","LTRENDIDX","M","2017-11",101.156,
"OECD","CCI","AMPLITUD","LTRENDIDX","M","2017-12",101.1485,
"OECD","CCI","AMPLITUD","LTRENDIDX","M","2018-01",101.1511,
"OECD","CCI","AMPLITUD","LTRENDIDX","M","2018-02",101.1772,
"OECD","CCI","AMPLITUD","LTRENDIDX","M","2018-03",101.1868,
"OECD","CCI","AMPLITUD","LTRENDIDX","M","2018-04",101.1688,
"OECD","CCI","AMPLITUD","LTRENDIDX","M","2018-05",101.1663,
"OECD","CCI","AMPLITUD","LTRENDIDX","M","2018-06",101.1843,
"OECD","CCI","AMPLITUD","LTRENDIDX","M","2018-07",101.2059,
"OECD","CCI","AMPLITUD","LTRENDIDX","M","2018-08",101.1488,
"OECD","CCI","AMPLITUD","LTRENDIDX","M","2018-09",101.0597,
"OECD","CCI","AMPLITUD","LTRENDIDX","M","2018-10",100.9435,
"OECD","CCI","AMPLITUD","LTRENDIDX","M","2018-11",100.8148,
"OECD","CCI","AMPLITUD","LTRENDIDX","M","2018-12",100.7151,
"OECD","CCI","AMPLITUD","LTRENDIDX","M","2019-01",100.6711,
"OECD","CCI","AMPLITUD","LTRENDIDX","M","2019-02",100.7428,
"OECD","CCI","AMPLITUD","LTRENDIDX","M","2019-03",100.8293,
"OECD","CCI","AMPLITUD","LTRENDIDX","M","2019-04",100.8455,
"OECD","CCI","AMPLITUD","LTRENDIDX","M","2019-05",100.8178,
"OECD","CCI","AMPLITUD","LTRENDIDX","M","2019-06",100.724,
"OECD","CCI","AMPLITUD","LTRENDIDX","M","2019-07",100.5907,
"OECD","CCI","AMPLITUD","LTRENDIDX","M","2019-08",100.4287,
"OECD","CCI","AMPLITUD","LTRENDIDX","M","2019-09",100.4029,
"OECD","CCI","AMPLITUD","LTRENDIDX","M","2019-10",100.4744,
"OECD","CCI","AMPLITUD","LTRENDIDX","M","2019-11",100.6212,
"OECD","CCI","AMPLITUD","LTRENDIDX","M","2019-12",100.734,
"OECD","CCI","AMPLITUD","LTRENDIDX","M","2020-01",100.6701,
"OECD","CCI","AMPLITUD","LTRENDIDX","M","2020-02",100.182,
"OECD","CCI","AMPLITUD","LTRENDIDX","M","2020-03",99.10699,
"OECD","CCI","AMPLITUD","LTRENDIDX","M","2020-04",97.94038,
"OECD","CCI","AMPLITUD","LTRENDIDX","M","2020-05",97.54049,
"OECD","CCI","AMPLITUD","LTRENDIDX","M","2020-06",97.70229,
"OECD","CCI","AMPLITUD","LTRENDIDX","M","2020-07",97.95058,
"OECD","CCI","AMPLITUD","LTRENDIDX","M","2020-08",98.19406,
"OECD","CCI","AMPLITUD","LTRENDIDX","M","2020-09",98.411,
"OECD","CCI","AMPLITUD","LTRENDIDX","M","2020-10",98.4861,
"OECD","CCI","AMPLITUD","LTRENDIDX","M","2020-11",98.47776,
"OECD","CCI","AMPLITUD","LTRENDIDX","M","2020-12",98.57647,
"OECD","CCI","AMPLITUD","LTRENDIDX","M","2021-01",98.71801,
"OECD","CCI","AMPLITUD","LTRENDIDX","M","2021-02",99.03592,
"OECD","CCI","AMPLITUD","LTRENDIDX","M","2021-03",99.52718,
"OECD","CCI","AMPLITUD","LTRENDIDX","M","2021-04",99.93105,
"OECD","CCI","AMPLITUD","LTRENDIDX","M","2021-05",100.1867,
"OECD","CCI","AMPLITUD","LTRENDIDX","M","2021-06",100.3123,
"OECD","CCI","AMPLITUD","LTRENDIDX","M","2021-07",100.1882,
"OECD","CCI","AMPLITUD","LTRENDIDX","M","2021-08",99.93813,
"OECD","CCI","AMPLITUD","LTRENDIDX","M","2021-09",99.77771,
"OECD","CCI","AMPLITUD","LTRENDIDX","M","2021-10",99.61159,
"OECD","CCI","AMPLITUD","LTRENDIDX","M","2021-11",99.39796,
"OECD","CCI","AMPLITUD","LTRENDIDX","M","2021-12",99.16887,
"OECD","CCI","AMPLITUD","LTRENDIDX","M","2022-01",98.87833,
"OECD","CCI","AMPLITUD","LTRENDIDX","M","2022-02",98.5511,
"USA","CCI","AMPLITUD","LTRENDIDX","M","1960-01",101.6827,
"USA","CCI","AMPLITUD","LTRENDIDX","M","1960-02",101.4024,
"USA","CCI","AMPLITUD","LTRENDIDX","M","1960-03",101.1603,
"USA","CCI","AMPLITUD","LTRENDIDX","M","1960-04",101.0268,
"USA","CCI","AMPLITUD","LTRENDIDX","M","1960-05",101.0605,
"USA","CCI","AMPLITUD","LTRENDIDX","M","1960-06",101.1559,
"USA","CCI","AMPLITUD","LTRENDIDX","M","1960-07",101.1761,
"USA","CCI","AMPLITUD","LTRENDIDX","M","1960-08",101.0237,
"USA","CCI","AMPLITUD","LTRENDIDX","M","1960-09",100.7873,
"USA","CCI","AMPLITUD","LTRENDIDX","M","1960-10",100.5911,
"USA","CCI","AMPLITUD","LTRENDIDX","M","1960-11",100.5274,
"USA","CCI","AMPLITUD","LTRENDIDX","M","1960-12",100.5504,
"USA","CCI","AMPLITUD","LTRENDIDX","M","1961-01",100.6032,
"USA","CCI","AMPLITUD","LTRENDIDX","M","1961-02",100.6594,
"USA","CCI","AMPLITUD","LTRENDIDX","M","1961-03",100.7343,
"USA","CCI","AMPLITUD","LTRENDIDX","M","1961-04",100.8668,
"USA","CCI","AMPLITUD","LTRENDIDX","M","1961-05",101.0829,
"USA","CCI","AMPLITUD","LTRENDIDX","M","1961-06",101.3024,
"USA","CCI","AMPLITUD","LTRENDIDX","M","1961-07",101.4077,
"USA","CCI","AMPLITUD","LTRENDIDX","M","1961-08",101.3116,
"USA","CCI","AMPLITUD","LTRENDIDX","M","1961-09",101.1371,
"USA","CCI","AMPLITUD","LTRENDIDX","M","1961-10",101.0496,
"USA","CCI","AMPLITUD","LTRENDIDX","M","1961-11",101.166,
"USA","CCI","AMPLITUD","LTRENDIDX","M","1961-12",101.3777,
"USA","CCI","AMPLITUD","LTRENDIDX","M","1962-01",101.5288,
"USA","CCI","AMPLITUD","LTRENDIDX","M","1962-02",101.4991,
"USA","CCI","AMPLITUD","LTRENDIDX","M","1962-03",101.3477,
"USA","CCI","AMPLITUD","LTRENDIDX","M","1962-04",101.1505,
"USA","CCI","AMPLITUD","LTRENDIDX","M","1962-05",100.9591,
"USA","CCI","AMPLITUD","LTRENDIDX","M","1962-06",100.8064,
"USA","CCI","AMPLITUD","LTRENDIDX","M","1962-07",100.7356,
"USA","CCI","AMPLITUD","LTRENDIDX","M","1962-08",100.7903,
"USA","CCI","AMPLITUD","LTRENDIDX","M","1962-09",100.9233,
"USA","CCI","AMPLITUD","LTRENDIDX","M","1962-10",101.0872,
"USA","CCI","AMPLITUD","LTRENDIDX","M","1962-11",101.2464,
"USA","CCI","AMPLITUD","LTRENDIDX","M","1962-12",101.3583,
"USA","CCI","AMPLITUD","LTRENDIDX","M","1963-01",101.3594,
"USA","CCI","AMPLITUD","LTRENDIDX","M","1963-02",101.1986,
"USA","CCI","AMPLITUD","LTRENDIDX","M","1963-03",100.9812,
"USA","CCI","AMPLITUD","LTRENDIDX","M","1963-04",100.8439,
"USA","CCI","AMPLITUD","LTRENDIDX","M","1963-05",100.8857,
"USA","CCI","AMPLITUD","LTRENDIDX","M","1963-06",101.0192,
"USA","CCI","AMPLITUD","LTRENDIDX","M","1963-07",101.1298,
"USA","CCI","AMPLITUD","LTRENDIDX","M","1963-08",101.1423,
"USA","CCI","AMPLITUD","LTRENDIDX","M","1963-09",101.1119,
"USA","CCI","AMPLITUD","LTRENDIDX","M","1963-10",101.1252,
"USA","CCI","AMPLITUD","LTRENDIDX","M","1963-11",101.2461,
"USA","CCI","AMPLITUD","LTRENDIDX","M","1963-12",101.4167,
"USA","CCI","AMPLITUD","LTRENDIDX","M","1964-01",101.5543,
"USA","CCI","AMPLITUD","LTRENDIDX","M","1964-02",101.5983,
"USA","CCI","AMPLITUD","LTRENDIDX","M","1964-03",101.5909,
"USA","CCI","AMPLITUD","LTRENDIDX","M","1964-04",101.5896,
"USA","CCI","AMPLITUD","LTRENDIDX","M","1964-05",101.6328,
"USA","CCI","AMPLITUD","LTRENDIDX","M","1964-06",101.6979,
"USA","CCI","AMPLITUD","LTRENDIDX","M","1964-07",101.7477,
"USA","CCI","AMPLITUD","LTRENDIDX","M","1964-08",101.7552,
"USA","CCI","AMPLITUD","LTRENDIDX","M","1964-09",101.7433,
"USA","CCI","AMPLITUD","LTRENDIDX","M","1964-10",101.7474,
"USA","CCI","AMPLITUD","LTRENDIDX","M","1964-11",101.7977,
"USA","CCI","AMPLITUD","LTRENDIDX","M","1964-12",101.885,
"USA","CCI","AMPLITUD","LTRENDIDX","M","1965-01",101.9998,
"USA","CCI","AMPLITUD","LTRENDIDX","M","1965-02",102.1352,
"USA","CCI","AMPLITUD","LTRENDIDX","M","1965-03",102.2615,
"USA","CCI","AMPLITUD","LTRENDIDX","M","1965-04",102.3362,
"USA","CCI","AMPLITUD","LTRENDIDX","M","1965-05",102.3226,
"USA","CCI","AMPLITUD","LTRENDIDX","M","1965-06",102.2604,
"USA","CCI","AMPLITUD","LTRENDIDX","M","1965-07",102.1937,
"USA","CCI","AMPLITUD","LTRENDIDX","M","1965-08",102.1481,
"USA","CCI","AMPLITUD","LTRENDIDX","M","1965-09",102.112,
"USA","CCI","AMPLITUD","LTRENDIDX","M","1965-10",102.0607,
"USA","CCI","AMPLITUD","LTRENDIDX","M","1965-11",101.9712,
"USA","CCI","AMPLITUD","LTRENDIDX","M","1965-12",101.8519,
"USA","CCI","AMPLITUD","LTRENDIDX","M","1966-01",101.7089,
"USA","CCI","AMPLITUD","LTRENDIDX","M","1966-02",101.5407,
"USA","CCI","AMPLITUD","LTRENDIDX","M","1966-03",101.3578,
"USA","CCI","AMPLITUD","LTRENDIDX","M","1966-04",101.1673,
"USA","CCI","AMPLITUD","LTRENDIDX","M","1966-05",100.9719,
"USA","CCI","AMPLITUD","LTRENDIDX","M","1966-06",100.7772,
"USA","CCI","AMPLITUD","LTRENDIDX","M","1966-07",100.5944,
"USA","CCI","AMPLITUD","LTRENDIDX","M","1966-08",100.4436,
"USA","CCI","AMPLITUD","LTRENDIDX","M","1966-09",100.3437,
"USA","CCI","AMPLITUD","LTRENDIDX","M","1966-10",100.3399,
"USA","CCI","AMPLITUD","LTRENDIDX","M","1966-11",100.4791,
"USA","CCI","AMPLITUD","LTRENDIDX","M","1966-12",100.6909,
"USA","CCI","AMPLITUD","LTRENDIDX","M","1967-01",100.895,
"USA","CCI","AMPLITUD","LTRENDIDX","M","1967-02",101.0377,
"USA","CCI","AMPLITUD","LTRENDIDX","M","1967-03",101.1353,
"USA","CCI","AMPLITUD","LTRENDIDX","M","1967-04",101.2084,
"USA","CCI","AMPLITUD","LTRENDIDX","M","1967-05",101.2611,
"USA","CCI","AMPLITUD","LTRENDIDX","M","1967-06",101.2844,
"USA","CCI","AMPLITUD","LTRENDIDX","M","1967-07",101.2511,
"USA","CCI","AMPLITUD","LTRENDIDX","M","1967-08",101.1389,
"USA","CCI","AMPLITUD","LTRENDIDX","M","1967-09",101.0108,
"USA","CCI","AMPLITUD","LTRENDIDX","M","1967-10",100.9527,
"USA","CCI","AMPLITUD","LTRENDIDX","M","1967-11",101.0259,
"USA","CCI","AMPLITUD","LTRENDIDX","M","1967-12",101.15,
"USA","CCI","AMPLITUD","LTRENDIDX","M","1968-01",101.2141,
"USA","CCI","AMPLITUD","LTRENDIDX","M","1968-02",101.1352,
"USA","CCI","AMPLITUD","LTRENDIDX","M","1968-03",100.9788,
"USA","CCI","AMPLITUD","LTRENDIDX","M","1968-04",100.8323,
"USA","CCI","AMPLITUD","LTRENDIDX","M","1968-05",100.7563,
"USA","CCI","AMPLITUD","LTRENDIDX","M","1968-06",100.7266,
"USA","CCI","AMPLITUD","LTRENDIDX","M","1968-07",100.7096,
"USA","CCI","AMPLITUD","LTRENDIDX","M","1968-08",100.6926,
"USA","CCI","AMPLITUD","LTRENDIDX","M","1968-09",100.7005,
"USA","CCI","AMPLITUD","LTRENDIDX","M","1968-10",100.7826,
"USA","CCI","AMPLITUD","LTRENDIDX","M","1968-11",100.9756,
"USA","CCI","AMPLITUD","LTRENDIDX","M","1968-12",101.1908,
"USA","CCI","AMPLITUD","LTRENDIDX","M","1969-01",101.2994,
"USA","CCI","AMPLITUD","LTRENDIDX","M","1969-02",101.1942,
"USA","CCI","AMPLITUD","LTRENDIDX","M","1969-03",100.9589,
"USA","CCI","AMPLITUD","LTRENDIDX","M","1969-04",100.6871,
"USA","CCI","AMPLITUD","LTRENDIDX","M","1969-05",100.4316,
"USA","CCI","AMPLITUD","LTRENDIDX","M","1969-06",100.1898,
"USA","CCI","AMPLITUD","LTRENDIDX","M","1969-07",99.94199,
"USA","CCI","AMPLITUD","LTRENDIDX","M","1969-08",99.67466,
"USA","CCI","AMPLITUD","LTRENDIDX","M","1969-09",99.41109,
"USA","CCI","AMPLITUD","LTRENDIDX","M","1969-10",99.19237,
"USA","CCI","AMPLITUD","LTRENDIDX","M","1969-11",99.05489,
"USA","CCI","AMPLITUD","LTRENDIDX","M","1969-12",98.96297,
"USA","CCI","AMPLITUD","LTRENDIDX","M","1970-01",98.87803,
"USA","CCI","AMPLITUD","LTRENDIDX","M","1970-02",98.78217,
"USA","CCI","AMPLITUD","LTRENDIDX","M","1970-03",98.69478,
"USA","CCI","AMPLITUD","LTRENDIDX","M","1970-04",98.65315,
"USA","CCI","AMPLITUD","LTRENDIDX","M","1970-05",98.68452,
"USA","CCI","AMPLITUD","LTRENDIDX","M","1970-06",98.73243,
"USA","CCI","AMPLITUD","LTRENDIDX","M","1970-07",98.71927,
"USA","CCI","AMPLITUD","LTRENDIDX","M","1970-08",98.59236,
"USA","CCI","AMPLITUD","LTRENDIDX","M","1970-09",98.43103,
"USA","CCI","AMPLITUD","LTRENDIDX","M","1970-10",98.35149,
"USA","CCI","AMPLITUD","LTRENDIDX","M","1970-11",98.44609,
"USA","CCI","AMPLITUD","LTRENDIDX","M","1970-12",98.64082,
"USA","CCI","AMPLITUD","LTRENDIDX","M","1971-01",98.84412,
"USA","CCI","AMPLITUD","LTRENDIDX","M","1971-02",98.99556,
"USA","CCI","AMPLITUD","LTRENDIDX","M","1971-03",99.10591,
"USA","CCI","AMPLITUD","LTRENDIDX","M","1971-04",99.19538,
"USA","CCI","AMPLITUD","LTRENDIDX","M","1971-05",99.27296,
"USA","CCI","AMPLITUD","LTRENDIDX","M","1971-06",99.3366,
"USA","CCI","AMPLITUD","LTRENDIDX","M","1971-07",99.37681,
"USA","CCI","AMPLITUD","LTRENDIDX","M","1971-08",99.3941,
"USA","CCI","AMPLITUD","LTRENDIDX","M","1971-09",99.43993,
"USA","CCI","AMPLITUD","LTRENDIDX","M","1971-10",99.59514,
"USA","CCI","AMPLITUD","LTRENDIDX","M","1971-11",99.91987,
"USA","CCI","AMPLITUD","LTRENDIDX","M","1971-12",100.2941,
"USA","CCI","AMPLITUD","LTRENDIDX","M","1972-01",100.5539,
"USA","CCI","AMPLITUD","LTRENDIDX","M","1972-02",100.5788,
"USA","CCI","AMPLITUD","LTRENDIDX","M","1972-03",100.4928,
"USA","CCI","AMPLITUD","LTRENDIDX","M","1972-04",100.4602,
"USA","CCI","AMPLITUD","LTRENDIDX","M","1972-05",100.5924,
"USA","CCI","AMPLITUD","LTRENDIDX","M","1972-06",100.8009,
"USA","CCI","AMPLITUD","LTRENDIDX","M","1972-07",100.947,
"USA","CCI","AMPLITUD","LTRENDIDX","M","1972-08",100.9152,
"USA","CCI","AMPLITUD","LTRENDIDX","M","1972-09",100.7491,
"USA","CCI","AMPLITUD","LTRENDIDX","M","1972-10",100.4908,
"USA","CCI","AMPLITUD","LTRENDIDX","M","1972-11",100.155,
"USA","CCI","AMPLITUD","LTRENDIDX","M","1972-12",99.79481,
"USA","CCI","AMPLITUD","LTRENDIDX","M","1973-01",99.46233,
"USA","CCI","AMPLITUD","LTRENDIDX","M","1973-02",99.19264,
"USA","CCI","AMPLITUD","LTRENDIDX","M","1973-03",98.96061,
"USA","CCI","AMPLITUD","LTRENDIDX","M","1973-04",98.74139,
"USA","CCI","AMPLITUD","LTRENDIDX","M","1973-05",98.53315,
"USA","CCI","AMPLITUD","LTRENDIDX","M","1973-06",98.36711,
"USA","CCI","AMPLITUD","LTRENDIDX","M","1973-07",98.30225,
"USA","CCI","AMPLITUD","LTRENDIDX","M","1973-08",98.37782,
"USA","CCI","AMPLITUD","LTRENDIDX","M","1973-09",98.46473,
"USA","CCI","AMPLITUD","LTRENDIDX","M","1973-10",98.38214,
"USA","CCI","AMPLITUD","LTRENDIDX","M","1973-11",98.00268,
"USA","CCI","AMPLITUD","LTRENDIDX","M","1973-12",97.52718,
"USA","CCI","AMPLITUD","LTRENDIDX","M","1974-01",97.23646,
"USA","CCI","AMPLITUD","LTRENDIDX","M","1974-02",97.33913,
"USA","CCI","AMPLITUD","LTRENDIDX","M","1974-03",97.63451,
"USA","CCI","AMPLITUD","LTRENDIDX","M","1974-04",97.8499,
"USA","CCI","AMPLITUD","LTRENDIDX","M","1974-05",97.78493,
"USA","CCI","AMPLITUD","LTRENDIDX","M","1974-06",97.53606,
"USA","CCI","AMPLITUD","LTRENDIDX","M","1974-07",97.2327,
"USA","CCI","AMPLITUD","LTRENDIDX","M","1974-08",96.95735,
"USA","CCI","AMPLITUD","LTRENDIDX","M","1974-09",96.72005,
"USA","CCI","AMPLITUD","LTRENDIDX","M","1974-10",96.5246,
"USA","CCI","AMPLITUD","LTRENDIDX","M","1974-11",96.3965,
"USA","CCI","AMPLITUD","LTRENDIDX","M","1974-12",96.3693,
"USA","CCI","AMPLITUD","LTRENDIDX","M","1975-01",96.53147,
"USA","CCI","AMPLITUD","LTRENDIDX","M","1975-02",96.97248,
"USA","CCI","AMPLITUD","LTRENDIDX","M","1975-03",97.53955,
"USA","CCI","AMPLITUD","LTRENDIDX","M","1975-04",98.04563,
"USA","CCI","AMPLITUD","LTRENDIDX","M","1975-05",98.35146,
"USA","CCI","AMPLITUD","LTRENDIDX","M","1975-06",98.50852,
"USA","CCI","AMPLITUD","LTRENDIDX","M","1975-07",98.57704,
"USA","CCI","AMPLITUD","LTRENDIDX","M","1975-08",98.59277,
"USA","CCI","AMPLITUD","LTRENDIDX","M","1975-09",98.62231,
"USA","CCI","AMPLITUD","LTRENDIDX","M","1975-10",98.74307,
"USA","CCI","AMPLITUD","LTRENDIDX","M","1975-11",99.00954,
"USA","CCI","AMPLITUD","LTRENDIDX","M","1975-12",99.3282,
"USA","CCI","AMPLITUD","LTRENDIDX","M","1976-01",99.57534,
"USA","CCI","AMPLITUD","LTRENDIDX","M","1976-02",99.66277,
"USA","CCI","AMPLITUD","LTRENDIDX","M","1976-03",99.67499,
"USA","CCI","AMPLITUD","LTRENDIDX","M","1976-04",99.72621,
"USA","CCI","AMPLITUD","LTRENDIDX","M","1976-05",99.89265,
"USA","CCI","AMPLITUD","LTRENDIDX","M","1976-06",100.1058,
"USA","CCI","AMPLITUD","LTRENDIDX","M","1976-07",100.2593,
"USA","CCI","AMPLITUD","LTRENDIDX","M","1976-08",100.2689,
"USA","CCI","AMPLITUD","LTRENDIDX","M","1976-09",100.1926,
"USA","CCI","AMPLITUD","LTRENDIDX","M","1976-10",100.1055,
"USA","CCI","AMPLITUD","LTRENDIDX","M","1976-11",100.0607,
"USA","CCI","AMPLITUD","LTRENDIDX","M","1976-12",100.0615,
"USA","CCI","AMPLITUD","LTRENDIDX","M","1977-01",100.11,
"USA","CCI","AMPLITUD","LTRENDIDX","M","1977-02",100.2108,
"USA","CCI","AMPLITUD","LTRENDIDX","M","1977-03",100.3269,
"USA","CCI","AMPLITUD","LTRENDIDX","M","1977-04",100.4109,
"USA","CCI","AMPLITUD","LTRENDIDX","M","1977-05",100.4218,
"USA","CCI","AMPLITUD","LTRENDIDX","M","1977-06",100.373,
"USA","CCI","AMPLITUD","LTRENDIDX","M","1977-07",100.2702,
"USA","CCI","AMPLITUD","LTRENDIDX","M","1977-08",100.1091,
"USA","CCI","AMPLITUD","LTRENDIDX","M","1977-09",99.92702,
"USA","CCI","AMPLITUD","LTRENDIDX","M","1977-10",99.76717,
"USA","CCI","AMPLITUD","LTRENDIDX","M","1977-11",99.6647,
"USA","CCI","AMPLITUD","LTRENDIDX","M","1977-12",99.60995,
"USA","CCI","AMPLITUD","LTRENDIDX","M","1978-01",99.57406,
"USA","CCI","AMPLITUD","LTRENDIDX","M","1978-02",99.48692,
"USA","CCI","AMPLITUD","LTRENDIDX","M","1978-03",99.33706,
"USA","CCI","AMPLITUD","LTRENDIDX","M","1978-04",99.33569,
"USA","CCI","AMPLITUD","LTRENDIDX","M","1978-05",99.36198,
"USA","CCI","AMPLITUD","LTRENDIDX","M","1978-06",99.32307,
"USA","CCI","AMPLITUD","LTRENDIDX","M","1978-07",99.2944,
"USA","CCI","AMPLITUD","LTRENDIDX","M","1978-08",99.18707,
"USA","CCI","AMPLITUD","LTRENDIDX","M","1978-09",99.08395,
"USA","CCI","AMPLITUD","LTRENDIDX","M","1978-10",98.83459,
"USA","CCI","AMPLITUD","LTRENDIDX","M","1978-11",98.41457,
"USA","CCI","AMPLITUD","LTRENDIDX","M","1978-12",98.03396,
"USA","CCI","AMPLITUD","LTRENDIDX","M","1979-01",98.00642,
"USA","CCI","AMPLITUD","LTRENDIDX","M","1979-02",97.98978,
"USA","CCI","AMPLITUD","LTRENDIDX","M","1979-03",97.7821,
"USA","CCI","AMPLITUD","LTRENDIDX","M","1979-04",97.56898,
"USA","CCI","AMPLITUD","LTRENDIDX","M","1979-05",97.42661,
"USA","CCI","AMPLITUD","LTRENDIDX","M","1979-06",97.2275,
"USA","CCI","AMPLITUD","LTRENDIDX","M","1979-07",97.0518,
"USA","CCI","AMPLITUD","LTRENDIDX","M","1979-08",97.09181,
"USA","CCI","AMPLITUD","LTRENDIDX","M","1979-09",97.13593,
"USA","CCI","AMPLITUD","LTRENDIDX","M","1979-10",97.05383,
"USA","CCI","AMPLITUD","LTRENDIDX","M","1979-11",97.03422,
"USA","CCI","AMPLITUD","LTRENDIDX","M","1979-12",97.07761,
"USA","CCI","AMPLITUD","LTRENDIDX","M","1980-01",97.16972,
"USA","CCI","AMPLITUD","LTRENDIDX","M","1980-02",96.94333,
"USA","CCI","AMPLITUD","LTRENDIDX","M","1980-03",96.35494,
"USA","CCI","AMPLITUD","LTRENDIDX","M","1980-04",95.89824,
"USA","CCI","AMPLITUD","LTRENDIDX","M","1980-05",95.86026,
"USA","CCI","AMPLITUD","LTRENDIDX","M","1980-06",96.29127,
"USA","CCI","AMPLITUD","LTRENDIDX","M","1980-07",96.91462,
"USA","CCI","AMPLITUD","LTRENDIDX","M","1980-08",97.59252,
"USA","CCI","AMPLITUD","LTRENDIDX","M","1980-09",98.16382,
"USA","CCI","AMPLITUD","LTRENDIDX","M","1980-10",98.40665,
"USA","CCI","AMPLITUD","LTRENDIDX","M","1980-11",98.28699,
"USA","CCI","AMPLITUD","LTRENDIDX","M","1980-12",97.88239,
"USA","CCI","AMPLITUD","LTRENDIDX","M","1981-01",97.71937,
"USA","CCI","AMPLITUD","LTRENDIDX","M","1981-02",97.61518,
"USA","CCI","AMPLITUD","LTRENDIDX","M","1981-03",97.72472,
"USA","CCI","AMPLITUD","LTRENDIDX","M","1981-04",98.06828,
"USA","CCI","AMPLITUD","LTRENDIDX","M","1981-05",98.37076,
"USA","CCI","AMPLITUD","LTRENDIDX","M","1981-06",98.47387,
"USA","CCI","AMPLITUD","LTRENDIDX","M","1981-07",98.53336,
"USA","CCI","AMPLITUD","LTRENDIDX","M","1981-08",98.50589,
"USA","CCI","AMPLITUD","LTRENDIDX","M","1981-09",98.21767,
"USA","CCI","AMPLITUD","LTRENDIDX","M","1981-10",97.78909,
"USA","CCI","AMPLITUD","LTRENDIDX","M","1981-11",97.39766,
"USA","CCI","AMPLITUD","LTRENDIDX","M","1981-12",97.34789,
"USA","CCI","AMPLITUD","LTRENDIDX","M","1982-01",97.46358,
"USA","CCI","AMPLITUD","LTRENDIDX","M","1982-02",97.36807,
"USA","CCI","AMPLITUD","LTRENDIDX","M","1982-03",97.22696,
"USA","CCI","AMPLITUD","LTRENDIDX","M","1982-04",97.26707,
"USA","CCI","AMPLITUD","LTRENDIDX","M","1982-05",97.34109,
"USA","CCI","AMPLITUD","LTRENDIDX","M","1982-06",97.33589,
"USA","CCI","AMPLITUD","LTRENDIDX","M","1982-07",97.35464,
"USA","CCI","AMPLITUD","LTRENDIDX","M","1982-08",97.49146,
"USA","CCI","AMPLITUD","LTRENDIDX","M","1982-09",97.77422,
"USA","CCI","AMPLITUD","LTRENDIDX","M","1982-10",98.02775,
"USA","CCI","AMPLITUD","LTRENDIDX","M","1982-11",98.09064,
"USA","CCI","AMPLITUD","LTRENDIDX","M","1982-12",98.08698,
"USA","CCI","AMPLITUD","LTRENDIDX","M","1983-01",98.19695,
"USA","CCI","AMPLITUD","LTRENDIDX","M","1983-02",98.63478,
"USA","CCI","AMPLITUD","LTRENDIDX","M","1983-03",99.34673,
"USA","CCI","AMPLITUD","LTRENDIDX","M","1983-04",100.1112,
"USA","CCI","AMPLITUD","LTRENDIDX","M","1983-05",100.6211,
"USA","CCI","AMPLITUD","LTRENDIDX","M","1983-06",100.7827,
"USA","CCI","AMPLITUD","LTRENDIDX","M","1983-07",100.7435,
"USA","CCI","AMPLITUD","LTRENDIDX","M","1983-08",100.5901,
"USA","CCI","AMPLITUD","LTRENDIDX","M","1983-09",100.4638,
"USA","CCI","AMPLITUD","LTRENDIDX","M","1983-10",100.4711,
"USA","CCI","AMPLITUD","LTRENDIDX","M","1983-11",100.6817,
"USA","CCI","AMPLITUD","LTRENDIDX","M","1983-12",101.0443,
"USA","CCI","AMPLITUD","LTRENDIDX","M","1984-01",101.4067,
"USA","CCI","AMPLITUD","LTRENDIDX","M","1984-02",101.5499,
"USA","CCI","AMPLITUD","LTRENDIDX","M","1984-03",101.5822,
"USA","CCI","AMPLITUD","LTRENDIDX","M","1984-04",101.4494,
"USA","CCI","AMPLITUD","LTRENDIDX","M","1984-05",101.3644,
"USA","CCI","AMPLITUD","LTRENDIDX","M","1984-06",101.3116,
"USA","CCI","AMPLITUD","LTRENDIDX","M","1984-07",101.3888,
"USA","CCI","AMPLITUD","LTRENDIDX","M","1984-08",101.5262,
"USA","CCI","AMPLITUD","LTRENDIDX","M","1984-09",101.5508,
"USA","CCI","AMPLITUD","LTRENDIDX","M","1984-10",101.3687,
"USA","CCI","AMPLITUD","LTRENDIDX","M","1984-11",101.1715,
"USA","CCI","AMPLITUD","LTRENDIDX","M","1984-12",101.0289,
"USA","CCI","AMPLITUD","LTRENDIDX","M","1985-01",101.0091,
"USA","CCI","AMPLITUD","LTRENDIDX","M","1985-02",100.9626,
"USA","CCI","AMPLITUD","LTRENDIDX","M","1985-03",100.9393,
"USA","CCI","AMPLITUD","LTRENDIDX","M","1985-04",100.9404,
"USA","CCI","AMPLITUD","LTRENDIDX","M","1985-05",100.9415,
"USA","CCI","AMPLITUD","LTRENDIDX","M","1985-06",101.0069,
"USA","CCI","AMPLITUD","LTRENDIDX","M","1985-07",100.9296,
"USA","CCI","AMPLITUD","LTRENDIDX","M","1985-08",100.7685,
"USA","CCI","AMPLITUD","LTRENDIDX","M","1985-09",100.6048,
"USA","CCI","AMPLITUD","LTRENDIDX","M","1985-10",100.4984,
"USA","CCI","AMPLITUD","LTRENDIDX","M","1985-11",100.6135,
"USA","CCI","AMPLITUD","LTRENDIDX","M","1985-12",100.8505,
"USA","CCI","AMPLITUD","LTRENDIDX","M","1986-01",101.0514,
"USA","CCI","AMPLITUD","LTRENDIDX","M","1986-02",101.1472,
"USA","CCI","AMPLITUD","LTRENDIDX","M","1986-03",101.1743,
"USA","CCI","AMPLITUD","LTRENDIDX","M","1986-04",101.2181,
"USA","CCI","AMPLITUD","LTRENDIDX","M","1986-05",101.2822,
"USA","CCI","AMPLITUD","LTRENDIDX","M","1986-06",101.3866,
"USA","CCI","AMPLITUD","LTRENDIDX","M","1986-07",101.3234,
"USA","CCI","AMPLITUD","LTRENDIDX","M","1986-08",101.1294,
"USA","CCI","AMPLITUD","LTRENDIDX","M","1986-09",100.9442,
"USA","CCI","AMPLITUD","LTRENDIDX","M","1986-10",100.8453,
"USA","CCI","AMPLITUD","LTRENDIDX","M","1986-11",100.6494,
"USA","CCI","AMPLITUD","LTRENDIDX","M","1986-12",100.4849,
"USA","CCI","AMPLITUD","LTRENDIDX","M","1987-01",100.4501,
"USA","CCI","AMPLITUD","LTRENDIDX","M","1987-02",100.4828,
"USA","CCI","AMPLITUD","LTRENDIDX","M","1987-03",100.5615,
"USA","CCI","AMPLITUD","LTRENDIDX","M","1987-04",100.6476,
"USA","CCI","AMPLITUD","LTRENDIDX","M","1987-05",100.6832,
"USA","CCI","AMPLITUD","LTRENDIDX","M","1987-06",100.7611,
"USA","CCI","AMPLITUD","LTRENDIDX","M","1987-07",100.872,
"USA","CCI","AMPLITUD","LTRENDIDX","M","1987-08",100.8771,
"USA","CCI","AMPLITUD","LTRENDIDX","M","1987-09",100.6794,
"USA","CCI","AMPLITUD","LTRENDIDX","M","1987-10",100.3083,
"USA","CCI","AMPLITUD","LTRENDIDX","M","1987-11",100.0149,
"USA","CCI","AMPLITUD","LTRENDIDX","M","1987-12",100.0918,
"USA","CCI","AMPLITUD","LTRENDIDX","M","1988-01",100.3731,
"USA","CCI","AMPLITUD","LTRENDIDX","M","1988-02",100.6304,
"USA","CCI","AMPLITUD","LTRENDIDX","M","1988-03",100.8047,
"USA","CCI","AMPLITUD","LTRENDIDX","M","1988-04",100.8515,
"USA","CCI","AMPLITUD","LTRENDIDX","M","1988-05",100.9506,
"USA","CCI","AMPLITUD","LTRENDIDX","M","1988-06",101.0236,
"USA","CCI","AMPLITUD","LTRENDIDX","M","1988-07",101.0963,
"USA","CCI","AMPLITUD","LTRENDIDX","M","1988-08",101.2128,
"USA","CCI","AMPLITUD","LTRENDIDX","M","1988-09",101.1964,
"USA","CCI","AMPLITUD","LTRENDIDX","M","1988-10",101.0452,
"USA","CCI","AMPLITUD","LTRENDIDX","M","1988-11",100.9357,
"USA","CCI","AMPLITUD","LTRENDIDX","M","1988-12",100.9644,
"USA","CCI","AMPLITUD","LTRENDIDX","M","1989-01",101.116,
"USA","CCI","AMPLITUD","LTRENDIDX","M","1989-02",101.0943,
"USA","CCI","AMPLITUD","LTRENDIDX","M","1989-03",100.9385,
"USA","CCI","AMPLITUD","LTRENDIDX","M","1989-04",100.7255,
"USA","CCI","AMPLITUD","LTRENDIDX","M","1989-05",100.5841,
"USA","CCI","AMPLITUD","LTRENDIDX","M","1989-06",100.5495,
"USA","CCI","AMPLITUD","LTRENDIDX","M","1989-07",100.6023,
"USA","CCI","AMPLITUD","LTRENDIDX","M","1989-08",100.6903,
"USA","CCI","AMPLITUD","LTRENDIDX","M","1989-09",100.8552,
"USA","CCI","AMPLITUD","LTRENDIDX","M","1989-10",100.8366,
"USA","CCI","AMPLITUD","LTRENDIDX","M","1989-11",100.7019,
"USA","CCI","AMPLITUD","LTRENDIDX","M","1989-12",100.6215,
"USA","CCI","AMPLITUD","LTRENDIDX","M","1990-01",100.6187,
"USA","CCI","AMPLITUD","LTRENDIDX","M","1990-02",100.5991,
"USA","CCI","AMPLITUD","LTRENDIDX","M","1990-03",100.6739,
"USA","CCI","AMPLITUD","LTRENDIDX","M","1990-04",100.7308,
"USA","CCI","AMPLITUD","LTRENDIDX","M","1990-05",100.59,
"USA","CCI","AMPLITUD","LTRENDIDX","M","1990-06",100.2803,
"USA","CCI","AMPLITUD","LTRENDIDX","M","1990-07",99.75719,
"USA","CCI","AMPLITUD","LTRENDIDX","M","1990-08",98.91788,
"USA","CCI","AMPLITUD","LTRENDIDX","M","1990-09",98.11156,
"USA","CCI","AMPLITUD","LTRENDIDX","M","1990-10",97.46712,
"USA","CCI","AMPLITUD","LTRENDIDX","M","1990-11",97.23827,
"USA","CCI","AMPLITUD","LTRENDIDX","M","1990-12",97.30784,
"USA","CCI","AMPLITUD","LTRENDIDX","M","1991-01",97.68566,
"USA","CCI","AMPLITUD","LTRENDIDX","M","1991-02",98.37493,
"USA","CCI","AMPLITUD","LTRENDIDX","M","1991-03",99.16093,
"USA","CCI","AMPLITUD","LTRENDIDX","M","1991-04",99.38293,
"USA","CCI","AMPLITUD","LTRENDIDX","M","1991-05",99.36444,
"USA","CCI","AMPLITUD","LTRENDIDX","M","1991-06",99.43532,
"USA","CCI","AMPLITUD","LTRENDIDX","M","1991-07",99.50196,
"USA","CCI","AMPLITUD","LTRENDIDX","M","1991-08",99.46319,
"USA","CCI","AMPLITUD","LTRENDIDX","M","1991-09",99.2461,
"USA","CCI","AMPLITUD","LTRENDIDX","M","1991-10",98.72954,
"USA","CCI","AMPLITUD","LTRENDIDX","M","1991-11",98.0893,
"USA","CCI","AMPLITUD","LTRENDIDX","M","1991-12",97.71261,
"USA","CCI","AMPLITUD","LTRENDIDX","M","1992-01",97.65975,
"USA","CCI","AMPLITUD","LTRENDIDX","M","1992-02",97.92551,
"USA","CCI","AMPLITUD","LTRENDIDX","M","1992-03",98.40232,
"USA","CCI","AMPLITUD","LTRENDIDX","M","1992-04",98.78111,
"USA","CCI","AMPLITUD","LTRENDIDX","M","1992-05",98.99677,
"USA","CCI","AMPLITUD","LTRENDIDX","M","1992-06",99.00312,
"USA","CCI","AMPLITUD","LTRENDIDX","M","1992-07",98.81349,
"USA","CCI","AMPLITUD","LTRENDIDX","M","1992-08",98.64806,
"USA","CCI","AMPLITUD","LTRENDIDX","M","1992-09",98.63668,
"USA","CCI","AMPLITUD","LTRENDIDX","M","1992-10",98.92029,
"USA","CCI","AMPLITUD","LTRENDIDX","M","1992-11",99.59818,
"USA","CCI","AMPLITUD","LTRENDIDX","M","1992-12",100.1498,
"USA","CCI","AMPLITUD","LTRENDIDX","M","1993-01",100.2942,
"USA","CCI","AMPLITUD","LTRENDIDX","M","1993-02",100.1682,
"USA","CCI","AMPLITUD","LTRENDIDX","M","1993-03",99.96499,
"USA","CCI","AMPLITUD","LTRENDIDX","M","1993-04",99.71344,
"USA","CCI","AMPLITUD","LTRENDIDX","M","1993-05",99.39211,
"USA","CCI","AMPLITUD","LTRENDIDX","M","1993-06",99.14223,
"USA","CCI","AMPLITUD","LTRENDIDX","M","1993-07",98.91006,
"USA","CCI","AMPLITUD","LTRENDIDX","M","1993-08",98.85055,
"USA","CCI","AMPLITUD","LTRENDIDX","M","1993-09",98.98296,
"USA","CCI","AMPLITUD","LTRENDIDX","M","1993-10",99.28887,
"USA","CCI","AMPLITUD","LTRENDIDX","M","1993-11",99.65664,
"USA","CCI","AMPLITUD","LTRENDIDX","M","1993-12",100.1903,
"USA","CCI","AMPLITUD","LTRENDIDX","M","1994-01",100.6499,
"USA","CCI","AMPLITUD","LTRENDIDX","M","1994-02",100.814,
"USA","CCI","AMPLITUD","LTRENDIDX","M","1994-03",100.8023,
"USA","CCI","AMPLITUD","LTRENDIDX","M","1994-04",100.7699,
"USA","CCI","AMPLITUD","LTRENDIDX","M","1994-05",100.7017,
"USA","CCI","AMPLITUD","LTRENDIDX","M","1994-06",100.5857,
"USA","CCI","AMPLITUD","LTRENDIDX","M","1994-07",100.5065,
"USA","CCI","AMPLITUD","LTRENDIDX","M","1994-08",100.5567,
"USA","CCI","AMPLITUD","LTRENDIDX","M","1994-09",100.6339,
"USA","CCI","AMPLITUD","LTRENDIDX","M","1994-10",100.7365,
"USA","CCI","AMPLITUD","LTRENDIDX","M","1994-11",100.8613,
"USA","CCI","AMPLITUD","LTRENDIDX","M","1994-12",101.0539,
"USA","CCI","AMPLITUD","LTRENDIDX","M","1995-01",101.1435,
"USA","CCI","AMPLITUD","LTRENDIDX","M","1995-02",100.9984,
"USA","CCI","AMPLITUD","LTRENDIDX","M","1995-03",100.7571,
"USA","CCI","AMPLITUD","LTRENDIDX","M","1995-04",100.6525,
"USA","CCI","AMPLITUD","LTRENDIDX","M","1995-05",100.6387,
"USA","CCI","AMPLITUD","LTRENDIDX","M","1995-06",100.7773,
"USA","CCI","AMPLITUD","LTRENDIDX","M","1995-07",100.9054,
"USA","CCI","AMPLITUD","LTRENDIDX","M","1995-08",100.8683,
"USA","CCI","AMPLITUD","LTRENDIDX","M","1995-09",100.6097,
"USA","CCI","AMPLITUD","LTRENDIDX","M","1995-10",100.4387,
"USA","CCI","AMPLITUD","LTRENDIDX","M","1995-11",100.3538,
"USA","CCI","AMPLITUD","LTRENDIDX","M","1995-12",100.38,
"USA","CCI","AMPLITUD","LTRENDIDX","M","1996-01",100.3978,
"USA","CCI","AMPLITUD","LTRENDIDX","M","1996-02",100.4754,
"USA","CCI","AMPLITUD","LTRENDIDX","M","1996-03",100.6335,
"USA","CCI","AMPLITUD","LTRENDIDX","M","1996-04",100.6647,
"USA","CCI","AMPLITUD","LTRENDIDX","M","1996-05",100.6422,
"USA","CCI","AMPLITUD","LTRENDIDX","M","1996-06",100.76,
"USA","CCI","AMPLITUD","LTRENDIDX","M","1996-07",100.9331,
"USA","CCI","AMPLITUD","LTRENDIDX","M","1996-08",101.0635,
"USA","CCI","AMPLITUD","LTRENDIDX","M","1996-09",101.162,
"USA","CCI","AMPLITUD","LTRENDIDX","M","1996-10",101.2947,
"USA","CCI","AMPLITUD","LTRENDIDX","M","1996-11",101.4074,
"USA","CCI","AMPLITUD","LTRENDIDX","M","1996-12",101.424,
"USA","CCI","AMPLITUD","LTRENDIDX","M","1997-01",101.479,
"USA","CCI","AMPLITUD","LTRENDIDX","M","1997-02",101.6069,
"USA","CCI","AMPLITUD","LTRENDIDX","M","1997-03",101.751,
"USA","CCI","AMPLITUD","LTRENDIDX","M","1997-04",101.9298,
"USA","CCI","AMPLITUD","LTRENDIDX","M","1997-05",102.1318,
"USA","CCI","AMPLITUD","LTRENDIDX","M","1997-06",102.3159,
"USA","CCI","AMPLITUD","LTRENDIDX","M","1997-07",102.4397,
"USA","CCI","AMPLITUD","LTRENDIDX","M","1997-08",102.4426,
"USA","CCI","AMPLITUD","LTRENDIDX","M","1997-09",102.4544,
"USA","CCI","AMPLITUD","LTRENDIDX","M","1997-10",102.4469,
"USA","CCI","AMPLITUD","LTRENDIDX","M","1997-11",102.427,
"USA","CCI","AMPLITUD","LTRENDIDX","M","1997-12",102.3926,
"USA","CCI","AMPLITUD","LTRENDIDX","M","1998-01",102.5582,
"USA","CCI","AMPLITUD","LTRENDIDX","M","1998-02",102.7353,
"USA","CCI","AMPLITUD","LTRENDIDX","M","1998-03",102.7436,
"USA","CCI","AMPLITUD","LTRENDIDX","M","1998-04",102.7203,
"USA","CCI","AMPLITUD","LTRENDIDX","M","1998-05",102.6128,
"USA","CCI","AMPLITUD","LTRENDIDX","M","1998-06",102.4837,
"USA","CCI","AMPLITUD","LTRENDIDX","M","1998-07",102.336,
"USA","CCI","AMPLITUD","LTRENDIDX","M","1998-08",102.1273,
"USA","CCI","AMPLITUD","LTRENDIDX","M","1998-09",101.8663,
"USA","CCI","AMPLITUD","LTRENDIDX","M","1998-10",101.7187,
"USA","CCI","AMPLITUD","LTRENDIDX","M","1998-11",101.8201,
"USA","CCI","AMPLITUD","LTRENDIDX","M","1998-12",101.9751,
"USA","CCI","AMPLITUD","LTRENDIDX","M","1999-01",102.235,
"USA","CCI","AMPLITUD","LTRENDIDX","M","1999-02",102.4609,
"USA","CCI","AMPLITUD","LTRENDIDX","M","1999-03",102.4991,
"USA","CCI","AMPLITUD","LTRENDIDX","M","1999-04",102.4939,
"USA","CCI","AMPLITUD","LTRENDIDX","M","1999-05",102.5412,
"USA","CCI","AMPLITUD","LTRENDIDX","M","1999-06",102.5532,
"USA","CCI","AMPLITUD","LTRENDIDX","M","1999-07",102.493,
"USA","CCI","AMPLITUD","LTRENDIDX","M","1999-08",102.4262,
"USA","CCI","AMPLITUD","LTRENDIDX","M","1999-09",102.4151,
"USA","CCI","AMPLITUD","LTRENDIDX","M","1999-10",102.3927,
"USA","CCI","AMPLITUD","LTRENDIDX","M","1999-11",102.5206,
"USA","CCI","AMPLITUD","LTRENDIDX","M","1999-12",102.6981,
"USA","CCI","AMPLITUD","LTRENDIDX","M","2000-01",102.9471,
"USA","CCI","AMPLITUD","LTRENDIDX","M","2000-02",103.0042,
"USA","CCI","AMPLITUD","LTRENDIDX","M","2000-03",102.9168,
"USA","CCI","AMPLITUD","LTRENDIDX","M","2000-04",102.8968,
"USA","CCI","AMPLITUD","LTRENDIDX","M","2000-05",102.8695,
"USA","CCI","AMPLITUD","LTRENDIDX","M","2000-06",102.7628,
"USA","CCI","AMPLITUD","LTRENDIDX","M","2000-07",102.7267,
"USA","CCI","AMPLITUD","LTRENDIDX","M","2000-08",102.689,
"USA","CCI","AMPLITUD","LTRENDIDX","M","2000-09",102.6352,
"USA","CCI","AMPLITUD","LTRENDIDX","M","2000-10",102.5176,
"USA","CCI","AMPLITUD","LTRENDIDX","M","2000-11",102.2451,
"USA","CCI","AMPLITUD","LTRENDIDX","M","2000-12",101.6731,
"USA","CCI","AMPLITUD","LTRENDIDX","M","2001-01",101.1063,
"USA","CCI","AMPLITUD","LTRENDIDX","M","2001-02",100.6921,
"USA","CCI","AMPLITUD","LTRENDIDX","M","2001-03",100.5133,
"USA","CCI","AMPLITUD","LTRENDIDX","M","2001-04",100.4775,
"USA","CCI","AMPLITUD","LTRENDIDX","M","2001-05",100.6107,
"USA","CCI","AMPLITUD","LTRENDIDX","M","2001-06",100.6963,
"USA","CCI","AMPLITUD","LTRENDIDX","M","2001-07",100.6031,
"USA","CCI","AMPLITUD","LTRENDIDX","M","2001-08",100.2764,
"USA","CCI","AMPLITUD","LTRENDIDX","M","2001-09",99.8056,
"USA","CCI","AMPLITUD","LTRENDIDX","M","2001-10",99.63588,
"USA","CCI","AMPLITUD","LTRENDIDX","M","2001-11",99.79596,
"USA","CCI","AMPLITUD","LTRENDIDX","M","2001-12",100.1834,
"USA","CCI","AMPLITUD","LTRENDIDX","M","2002-01",100.558,
"USA","CCI","AMPLITUD","LTRENDIDX","M","2002-02",100.7824,
"USA","CCI","AMPLITUD","LTRENDIDX","M","2002-03",100.9853,
"USA","CCI","AMPLITUD","LTRENDIDX","M","2002-04",101.0425,
"USA","CCI","AMPLITUD","LTRENDIDX","M","2002-05",101.0143,
"USA","CCI","AMPLITUD","LTRENDIDX","M","2002-06",100.7426,
"USA","CCI","AMPLITUD","LTRENDIDX","M","2002-07",100.3789,
"USA","CCI","AMPLITUD","LTRENDIDX","M","2002-08",100.0791,
"USA","CCI","AMPLITUD","LTRENDIDX","M","2002-09",99.8169,
"USA","CCI","AMPLITUD","LTRENDIDX","M","2002-10",99.61893,
"USA","CCI","AMPLITUD","LTRENDIDX","M","2002-11",99.63525,
"USA","CCI","AMPLITUD","LTRENDIDX","M","2002-12",99.63249,
"USA","CCI","AMPLITUD","LTRENDIDX","M","2003-01",99.4389,
"USA","CCI","AMPLITUD","LTRENDIDX","M","2003-02",99.26718,
"USA","CCI","AMPLITUD","LTRENDIDX","M","2003-03",99.35738,
"USA","CCI","AMPLITUD","LTRENDIDX","M","2003-04",99.82829,
"USA","CCI","AMPLITUD","LTRENDIDX","M","2003-05",100.2926,
"USA","CCI","AMPLITUD","LTRENDIDX","M","2003-06",100.4619,
"USA","CCI","AMPLITUD","LTRENDIDX","M","2003-07",100.4644,
"USA","CCI","AMPLITUD","LTRENDIDX","M","2003-08",100.3674,
"USA","CCI","AMPLITUD","LTRENDIDX","M","2003-09",100.329,
"USA","CCI","AMPLITUD","LTRENDIDX","M","2003-10",100.4899,
"USA","CCI","AMPLITUD","LTRENDIDX","M","2003-11",100.807,
"USA","CCI","AMPLITUD","LTRENDIDX","M","2003-12",101.136,
"USA","CCI","AMPLITUD","LTRENDIDX","M","2004-01",101.4392,
"USA","CCI","AMPLITUD","LTRENDIDX","M","2004-02",101.3159,
"USA","CCI","AMPLITUD","LTRENDIDX","M","2004-03",101.1338,
"USA","CCI","AMPLITUD","LTRENDIDX","M","2004-04",100.948,
"USA","CCI","AMPLITUD","LTRENDIDX","M","2004-05",100.863,
"USA","CCI","AMPLITUD","LTRENDIDX","M","2004-06",101.0126,
"USA","CCI","AMPLITUD","LTRENDIDX","M","2004-07",101.1336,
"USA","CCI","AMPLITUD","LTRENDIDX","M","2004-08",101.1068,
"USA","CCI","AMPLITUD","LTRENDIDX","M","2004-09",100.9778,
"USA","CCI","AMPLITUD","LTRENDIDX","M","2004-10",100.8809,
"USA","CCI","AMPLITUD","LTRENDIDX","M","2004-11",100.9506,
"USA","CCI","AMPLITUD","LTRENDIDX","M","2004-12",101.0979,
"USA","CCI","AMPLITUD","LTRENDIDX","M","2005-01",101.082,
"USA","CCI","AMPLITUD","LTRENDIDX","M","2005-02",100.913,
"USA","CCI","AMPLITUD","LTRENDIDX","M","2005-03",100.6639,
"USA","CCI","AMPLITUD","LTRENDIDX","M","2005-04",100.4594,
"USA","CCI","AMPLITUD","LTRENDIDX","M","2005-05",100.5331,
"USA","CCI","AMPLITUD","LTRENDIDX","M","2005-06",100.8047,
"USA","CCI","AMPLITUD","LTRENDIDX","M","2005-07",100.7032,
"USA","CCI","AMPLITUD","LTRENDIDX","M","2005-08",100.0613,
"USA","CCI","AMPLITUD","LTRENDIDX","M","2005-09",99.28107,
"USA","CCI","AMPLITUD","LTRENDIDX","M","2005-10",99.02786,
"USA","CCI","AMPLITUD","LTRENDIDX","M","2005-11",99.44749,
"USA","CCI","AMPLITUD","LTRENDIDX","M","2005-12",100.0736,
"USA","CCI","AMPLITUD","LTRENDIDX","M","2006-01",100.3561,
"USA","CCI","AMPLITUD","LTRENDIDX","M","2006-02",100.3033,
"USA","CCI","AMPLITUD","LTRENDIDX","M","2006-03",100.1607,
"USA","CCI","AMPLITUD","LTRENDIDX","M","2006-04",99.88768,
"USA","CCI","AMPLITUD","LTRENDIDX","M","2006-05",99.58164,
"USA","CCI","AMPLITUD","LTRENDIDX","M","2006-06",99.5591,
"USA","CCI","AMPLITUD","LTRENDIDX","M","2006-07",99.59834,
"USA","CCI","AMPLITUD","LTRENDIDX","M","2006-08",99.70499,
"USA","CCI","AMPLITUD","LTRENDIDX","M","2006-09",100.0471,
"USA","CCI","AMPLITUD","LTRENDIDX","M","2006-10",100.5028,
"USA","CCI","AMPLITUD","LTRENDIDX","M","2006-11",100.7535,
"USA","CCI","AMPLITUD","LTRENDIDX","M","2006-12",100.8787,
"USA","CCI","AMPLITUD","LTRENDIDX","M","2007-01",100.9135,
"USA","CCI","AMPLITUD","LTRENDIDX","M","2007-02",100.6714,
"USA","CCI","AMPLITUD","LTRENDIDX","M","2007-03",100.3764,
"USA","CCI","AMPLITUD","LTRENDIDX","M","2007-04",100.1876,
"USA","CCI","AMPLITUD","LTRENDIDX","M","2007-05",100.1222,
"USA","CCI","AMPLITUD","LTRENDIDX","M","2007-06",100.0781,
"USA","CCI","AMPLITUD","LTRENDIDX","M","2007-07",100.053,
"USA","CCI","AMPLITUD","LTRENDIDX","M","2007-08",99.80431,
"USA","CCI","AMPLITUD","LTRENDIDX","M","2007-09",99.52752,
"USA","CCI","AMPLITUD","LTRENDIDX","M","2007-10",99.20799,
"USA","CCI","AMPLITUD","LTRENDIDX","M","2007-11",98.8979,
"USA","CCI","AMPLITUD","LTRENDIDX","M","2007-12",98.71545,
"USA","CCI","AMPLITUD","LTRENDIDX","M","2008-01",98.54008,
"USA","CCI","AMPLITUD","LTRENDIDX","M","2008-02",98.11803,
"USA","CCI","AMPLITUD","LTRENDIDX","M","2008-03",97.6092,
"USA","CCI","AMPLITUD","LTRENDIDX","M","2008-04",97.03564,
"USA","CCI","AMPLITUD","LTRENDIDX","M","2008-05",96.62384,
"USA","CCI","AMPLITUD","LTRENDIDX","M","2008-06",96.49434,
"USA","CCI","AMPLITUD","LTRENDIDX","M","2008-07",96.71486,
"USA","CCI","AMPLITUD","LTRENDIDX","M","2008-08",96.99424,
"USA","CCI","AMPLITUD","LTRENDIDX","M","2008-09",97.07681,
"USA","CCI","AMPLITUD","LTRENDIDX","M","2008-10",96.69362,
"USA","CCI","AMPLITUD","LTRENDIDX","M","2008-11",96.41502,
"USA","CCI","AMPLITUD","LTRENDIDX","M","2008-12",96.40691,
"USA","CCI","AMPLITUD","LTRENDIDX","M","2009-01",96.41473,
"USA","CCI","AMPLITUD","LTRENDIDX","M","2009-02",96.38647,
"USA","CCI","AMPLITUD","LTRENDIDX","M","2009-03",96.6057,
"USA","CCI","AMPLITUD","LTRENDIDX","M","2009-04",97.09221,
"USA","CCI","AMPLITUD","LTRENDIDX","M","2009-05",97.51083,
"USA","CCI","AMPLITUD","LTRENDIDX","M","2009-06",97.68415,
"USA","CCI","AMPLITUD","LTRENDIDX","M","2009-07",97.63506,
"USA","CCI","AMPLITUD","LTRENDIDX","M","2009-08",97.6825,
"USA","CCI","AMPLITUD","LTRENDIDX","M","2009-09",97.87556,
"USA","CCI","AMPLITUD","LTRENDIDX","M","2009-10",97.90775,
"USA","CCI","AMPLITUD","LTRENDIDX","M","2009-11",97.92298,
"USA","CCI","AMPLITUD","LTRENDIDX","M","2009-12",98.11201,
"USA","CCI","AMPLITUD","LTRENDIDX","M","2010-01",98.28725,
"USA","CCI","AMPLITUD","LTRENDIDX","M","2010-02",98.34697,
"USA","CCI","AMPLITUD","LTRENDIDX","M","2010-03",98.34361,
"USA","CCI","AMPLITUD","LTRENDIDX","M","2010-04",98.32148,
"USA","CCI","AMPLITUD","LTRENDIDX","M","2010-05",98.3201,
"USA","CCI","AMPLITUD","LTRENDIDX","M","2010-06",98.21707,
"USA","CCI","AMPLITUD","LTRENDIDX","M","2010-07",97.90874,
"USA","CCI","AMPLITUD","LTRENDIDX","M","2010-08",97.72069,
"USA","CCI","AMPLITUD","LTRENDIDX","M","2010-09",97.66563,
"USA","CCI","AMPLITUD","LTRENDIDX","M","2010-10",97.77232,
"USA","CCI","AMPLITUD","LTRENDIDX","M","2010-11",98.05103,
"USA","CCI","AMPLITUD","LTRENDIDX","M","2010-12",98.32274,
"USA","CCI","AMPLITUD","LTRENDIDX","M","2011-01",98.44002,
"USA","CCI","AMPLITUD","LTRENDIDX","M","2011-02",98.38689,
"USA","CCI","AMPLITUD","LTRENDIDX","M","2011-03",98.12304,
"USA","CCI","AMPLITUD","LTRENDIDX","M","2011-04",98.05978,
"USA","CCI","AMPLITUD","LTRENDIDX","M","2011-05",98.04277,
"USA","CCI","AMPLITUD","LTRENDIDX","M","2011-06",97.70998,
"USA","CCI","AMPLITUD","LTRENDIDX","M","2011-07",97.08512,
"USA","CCI","AMPLITUD","LTRENDIDX","M","2011-08",96.55177,
"USA","CCI","AMPLITUD","LTRENDIDX","M","2011-09",96.47901,
"USA","CCI","AMPLITUD","LTRENDIDX","M","2011-10",96.72993,
"USA","CCI","AMPLITUD","LTRENDIDX","M","2011-11",97.20837,
"USA","CCI","AMPLITUD","LTRENDIDX","M","2011-12",97.80019,
"USA","CCI","AMPLITUD","LTRENDIDX","M","2012-01",98.30472,
"USA","CCI","AMPLITUD","LTRENDIDX","M","2012-02",98.58599,
"USA","CCI","AMPLITUD","LTRENDIDX","M","2012-03",98.72154,
"USA","CCI","AMPLITUD","LTRENDIDX","M","2012-04",98.75953,
"USA","CCI","AMPLITUD","LTRENDIDX","M","2012-05",98.69852,
"USA","CCI","AMPLITUD","LTRENDIDX","M","2012-06",98.47507,
"USA","CCI","AMPLITUD","LTRENDIDX","M","2012-07",98.39635,
"USA","CCI","AMPLITUD","LTRENDIDX","M","2012-08",98.58199,
"USA","CCI","AMPLITUD","LTRENDIDX","M","2012-09",98.92767,
"USA","CCI","AMPLITUD","LTRENDIDX","M","2012-10",99.17555,
"USA","CCI","AMPLITUD","LTRENDIDX","M","2012-11",99.08114,
"USA","CCI","AMPLITUD","LTRENDIDX","M","2012-12",98.71616,
"USA","CCI","AMPLITUD","LTRENDIDX","M","2013-01",98.57584,
"USA","CCI","AMPLITUD","LTRENDIDX","M","2013-02",98.68839,
"USA","CCI","AMPLITUD","LTRENDIDX","M","2013-03",98.87072,
"USA","CCI","AMPLITUD","LTRENDIDX","M","2013-04",99.10258,
"USA","CCI","AMPLITUD","LTRENDIDX","M","2013-05",99.4724,
"USA","CCI","AMPLITUD","LTRENDIDX","M","2013-06",99.6636,
"USA","CCI","AMPLITUD","LTRENDIDX","M","2013-07",99.6224,
"USA","CCI","AMPLITUD","LTRENDIDX","M","2013-08",99.31536,
"USA","CCI","AMPLITUD","LTRENDIDX","M","2013-09",98.89875,
"USA","CCI","AMPLITUD","LTRENDIDX","M","2013-10",98.64119,
"USA","CCI","AMPLITUD","LTRENDIDX","M","2013-11",98.75105,
"USA","CCI","AMPLITUD","LTRENDIDX","M","2013-12",99.0831,
"USA","CCI","AMPLITUD","LTRENDIDX","M","2014-01",99.27211,
"USA","CCI","AMPLITUD","LTRENDIDX","M","2014-02",99.34875,
"USA","CCI","AMPLITUD","LTRENDIDX","M","2014-03",99.38402,
"USA","CCI","AMPLITUD","LTRENDIDX","M","2014-04",99.46387,
"USA","CCI","AMPLITUD","LTRENDIDX","M","2014-05",99.44897,
"USA","CCI","AMPLITUD","LTRENDIDX","M","2014-06",99.42009,
"USA","CCI","AMPLITUD","LTRENDIDX","M","2014-07",99.41114,
"USA","CCI","AMPLITUD","LTRENDIDX","M","2014-08",99.51493,
"USA","CCI","AMPLITUD","LTRENDIDX","M","2014-09",99.73842,
"USA","CCI","AMPLITUD","LTRENDIDX","M","2014-10",100.0526,
"USA","CCI","AMPLITUD","LTRENDIDX","M","2014-11",100.4381,
"USA","CCI","AMPLITUD","LTRENDIDX","M","2014-12",100.8656,
"USA","CCI","AMPLITUD","LTRENDIDX","M","2015-01",101.1536,
"USA","CCI","AMPLITUD","LTRENDIDX","M","2015-02",101.1561,
"USA","CCI","AMPLITUD","LTRENDIDX","M","2015-03",101.0509,
"USA","CCI","AMPLITUD","LTRENDIDX","M","2015-04",100.9912,
"USA","CCI","AMPLITUD","LTRENDIDX","M","2015-05",100.9036,
"USA","CCI","AMPLITUD","LTRENDIDX","M","2015-06",100.919,
"USA","CCI","AMPLITUD","LTRENDIDX","M","2015-07",100.794,
"USA","CCI","AMPLITUD","LTRENDIDX","M","2015-08",100.5875,
"USA","CCI","AMPLITUD","LTRENDIDX","M","2015-09",100.4014,
"USA","CCI","AMPLITUD","LTRENDIDX","M","2015-10",100.4333,
"USA","CCI","AMPLITUD","LTRENDIDX","M","2015-11",100.5603,
"USA","CCI","AMPLITUD","LTRENDIDX","M","2015-12",100.666,
"USA","CCI","AMPLITUD","LTRENDIDX","M","2016-01",100.6803,
"USA","CCI","AMPLITUD","LTRENDIDX","M","2016-02",100.6396,
"USA","CCI","AMPLITUD","LTRENDIDX","M","2016-03",100.5962,
"USA","CCI","AMPLITUD","LTRENDIDX","M","2016-04",100.6202,
"USA","CCI","AMPLITUD","LTRENDIDX","M","2016-05",100.7536,
"USA","CCI","AMPLITUD","LTRENDIDX","M","2016-06",100.7296,
"USA","CCI","AMPLITUD","LTRENDIDX","M","2016-07",100.5697,
"USA","CCI","AMPLITUD","LTRENDIDX","M","2016-08",100.4543,
"USA","CCI","AMPLITUD","LTRENDIDX","M","2016-09",100.4334,
"USA","CCI","AMPLITUD","LTRENDIDX","M","2016-10",100.5172,
"USA","CCI","AMPLITUD","LTRENDIDX","M","2016-11",100.8759,
"USA","CCI","AMPLITUD","LTRENDIDX","M","2016-12",101.2436,
"USA","CCI","AMPLITUD","LTRENDIDX","M","2017-01",101.4051,
"USA","CCI","AMPLITUD","LTRENDIDX","M","2017-02",101.3917,
"USA","CCI","AMPLITUD","LTRENDIDX","M","2017-03",101.3584,
"USA","CCI","AMPLITUD","LTRENDIDX","M","2017-04",101.3152,
"USA","CCI","AMPLITUD","LTRENDIDX","M","2017-05",101.2377,
"USA","CCI","AMPLITUD","LTRENDIDX","M","2017-06",101.1224,
"USA","CCI","AMPLITUD","LTRENDIDX","M","2017-07",101.0777,
"USA","CCI","AMPLITUD","LTRENDIDX","M","2017-08",101.1828,
"USA","CCI","AMPLITUD","LTRENDIDX","M","2017-09",101.3144,
"USA","CCI","AMPLITUD","LTRENDIDX","M","2017-10",101.4774,
"USA","CCI","AMPLITUD","LTRENDIDX","M","2017-11",101.4555,
"USA","CCI","AMPLITUD","LTRENDIDX","M","2017-12",101.3656,
"USA","CCI","AMPLITUD","LTRENDIDX","M","2018-01",101.3975,
"USA","CCI","AMPLITUD","LTRENDIDX","M","2018-02",101.5712,
"USA","CCI","AMPLITUD","LTRENDIDX","M","2018-03",101.679,
"USA","CCI","AMPLITUD","LTRENDIDX","M","2018-04",101.6248,
"USA","CCI","AMPLITUD","LTRENDIDX","M","2018-05",101.5332,
"USA","CCI","AMPLITUD","LTRENDIDX","M","2018-06",101.4714,
"USA","CCI","AMPLITUD","LTRENDIDX","M","2018-07",101.4379,
"USA","CCI","AMPLITUD","LTRENDIDX","M","2018-08",101.4499,
"USA","CCI","AMPLITUD","LTRENDIDX","M","2018-09",101.5387,
"USA","CCI","AMPLITUD","LTRENDIDX","M","2018-10",101.5197,
"USA","CCI","AMPLITUD","LTRENDIDX","M","2018-11",101.4034,
"USA","CCI","AMPLITUD","LTRENDIDX","M","2018-12",101.2219,
"USA","CCI","AMPLITUD","LTRENDIDX","M","2019-01",101.0046,
"USA","CCI","AMPLITUD","LTRENDIDX","M","2019-02",101.0623,
"USA","CCI","AMPLITUD","LTRENDIDX","M","2019-03",101.2942,
"USA","CCI","AMPLITUD","LTRENDIDX","M","2019-04",101.4642,
"USA","CCI","AMPLITUD","LTRENDIDX","M","2019-05",101.5577,
"USA","CCI","AMPLITUD","LTRENDIDX","M","2019-06",101.458,
"USA","CCI","AMPLITUD","LTRENDIDX","M","2019-07",101.2113,
"USA","CCI","AMPLITUD","LTRENDIDX","M","2019-08",100.8964,
"USA","CCI","AMPLITUD","LTRENDIDX","M","2019-09",100.8964,
"USA","CCI","AMPLITUD","LTRENDIDX","M","2019-10",101.1121,
"USA","CCI","AMPLITUD","LTRENDIDX","M","2019-11",101.3979,
"USA","CCI","AMPLITUD","LTRENDIDX","M","2019-12",101.6401,
"USA","CCI","AMPLITUD","LTRENDIDX","M","2020-01",101.6384,
"USA","CCI","AMPLITUD","LTRENDIDX","M","2020-02",101.1832,
"USA","CCI","AMPLITUD","LTRENDIDX","M","2020-03",100.122,
"USA","CCI","AMPLITUD","LTRENDIDX","M","2020-04",98.96767,
"USA","CCI","AMPLITUD","LTRENDIDX","M","2020-05",98.43596,
"USA","CCI","AMPLITUD","LTRENDIDX","M","2020-06",98.38302,
"USA","CCI","AMPLITUD","LTRENDIDX","M","2020-07",98.40141,
"USA","CCI","AMPLITUD","LTRENDIDX","M","2020-08",98.616,
"USA","CCI","AMPLITUD","LTRENDIDX","M","2020-09",98.94821,
"USA","CCI","AMPLITUD","LTRENDIDX","M","2020-10",99.10635,
"USA","CCI","AMPLITUD","LTRENDIDX","M","2020-11",99.06053,
"USA","CCI","AMPLITUD","LTRENDIDX","M","2020-12",99.06379,
"USA","CCI","AMPLITUD","LTRENDIDX","M","2021-01",99.07027,
"USA","CCI","AMPLITUD","LTRENDIDX","M","2021-02",99.2187,
"USA","CCI","AMPLITUD","LTRENDIDX","M","2021-03",99.60821,
"USA","CCI","AMPLITUD","LTRENDIDX","M","2021-04",99.868,
"USA","CCI","AMPLITUD","LTRENDIDX","M","2021-05",99.80549,
"USA","CCI","AMPLITUD","LTRENDIDX","M","2021-06",99.58214,
"USA","CCI","AMPLITUD","LTRENDIDX","M","2021-07",99.08414,
"USA","CCI","AMPLITUD","LTRENDIDX","M","2021-08",98.47887,
"USA","CCI","AMPLITUD","LTRENDIDX","M","2021-09",98.162,
"USA","CCI","AMPLITUD","LTRENDIDX","M","2021-10",97.96647,
"USA","CCI","AMPLITUD","LTRENDIDX","M","2021-11",97.79956,
"USA","CCI","AMPLITUD","LTRENDIDX","M","2021-12",97.69759,
"USA","CCI","AMPLITUD","LTRENDIDX","M","2022-01",97.44188,
"USA","CCI","AMPLITUD","LTRENDIDX","M","2022-02",97.07075,
